,owner,1981,1982,1983,1984,1985,1986,1987,1988,1989,1990,1991,1992,1993,1994,1995,1996,1997,1998,1999,2000,2001,2002,2003,2004,2005,2006,2007,2008,2009,2010,2011,2012,2013,2014,2015,2016,2017,2018,2019
0,ALHAMBRA,0.053388090349075976,0.05475701574264202,0.06023271731690623,0.06433949349760437,0.06464065708418891,0.06570841889117043,0.06297056810403832,0.06844626967830253,0.06570841889117043,0.06981519507186859,0.07392197125256673,0.06995208761122518,0.06844626967830253,0.07636960985626283,0.06570841889117043,0.06723613963039014,0.06730458590006844,0.05998494182067077,0.0526652977412731,0.051326488706365504,0.04973305954825462,0.04973305954825462,0.04694045174537988,0.04780287474332649,0.050253251197809726,0.04935523613963039,0.05172347707049966,0.05173990417522245,0.04563175906913073,0.04611772758384668,0.04660369609856263,0.04441067761806981,0.044194934976043806,0.042540725530458595,0.04855578370978782,0.05659137577002053,0.05307049965776865,0.04954962354551677,0.05215058179329226
1,ALTON STEEL CO,2.446324435318275,2.212183436002738,2.209445585215606,1.5605749486652978,1.1709240246406571,2.0889801505817935,0.5677207392197126,2.2708829568788502,2.110335386721424,1.998631074606434,1.8825462012320329,2.4607802874743325,2.088980150581793,1.9329226557152634,1.7522245037645447,1.7522245037645447,1.7281861738535251,1.7281861738535251,1.9483860369609858,1.31088295687885,1.31088295687885,1.31088295687885,1.31088295687885,1.31088295687885,1.31088295687885,1.31088295687885,1.31088295687885,1.31088295687885,1.31088295687885,1.31088295687885,1.31088295687885,1.31088295687885,1.31088295687885,1.31088295687885,1.31088295687885,1.31088295687885,1.31088295687885,1.31088295687885,1.31088295687885
2,AMERICAN COLLOID PROCESSING SA,,5.4757015742642024e-05,0.00013689253935660506,0.0002190280629705681,8.213552361396303e-05,8.213552361396303e-05,8.213552361396303e-05,8.213552361396303e-05,8.213552361396303e-05,8.213552361396303e-05,8.213552361396303e-05,8.213552361396303e-05,8.213552361396303e-05,8.213552361396303e-05,8.213552361396303e-05,8.213552361396303e-05,8.213552361396303e-05,8.213552361396303e-05,8.213552361396303e-05,8.213552361396303e-05,8.213552361396303e-05,8.213552361396303e-05,8.213552361396303e-05,8.213552361396303e-05,8.213552361396303e-05,8.213552361396303e-05,8.213552361396303e-05,8.213552361396303e-05,8.213552361396303e-05,8.213552361396303e-05,8.213552361396303e-05,8.213552361396303e-05,8.213552361396303e-05,8.213552361396303e-05,8.213552361396303e-05,8.213552361396303e-05,8.213552361396303e-05,8.213552361396303e-05,8.213552361396303e-05
3,BALDWIN LAKE F & W AREA,,,,0.0004970841889117043,0.0004970841889117043,0.0004970841889117043,0.0004970841889117043,0.0004970841889117043,0.0004970841889117043,0.0004970841889117043,0.0004970841889117043,0.0004970841889117043,0.0004970841889117043,0.0004970841889117043,0.0004970841889117043,0.0004970841889117043,0.0004970841889117043,0.0004970841889117043,0.0004970841889117043,0.0004970841889117043,0.0004970841889117043,0.0004970841889117043,0.0004970841889117043,0.0004970841889117043,7.494866529774127e-05,0.0006995208761122519,4.503764544832307e-05,4.503764544832307e-05,4.503764544832307e-05,4.503764544832307e-05,4.503764544832307e-05,4.503764544832307e-05,4.503764544832307e-05,4.503764544832307e-05,4.503764544832307e-05,4.503764544832307e-05,4.503764544832307e-05,4.503764544832307e-05,4.503764544832307e-05
4,BEELMAN RIVER TERMINALS INC.,,,,,,,,,,,,,,,,,,,,,,,0.002135523613963039,0.00530403832991102,0.024404167008898015,0.028964980150581795,0.03203203285420945,0.05160922929500342,0.0072510609171800135,0.017335277207392197,0.013939679671457905,0.013939679671457905,0.013939679671457905,0.013939679671457905,0.013939679671457905,0.013939679671457905,0.013939679671457905,0.013939679671457905,0.013939679671457905
5,BERGMANN TAYLOR SEEDS INC,,,,,,,,,,,,,,,,,,,0.011498973305954825,0.011498973305954825,0.011498973305954825,0.011498973305954825,0.011498973305954825,0.011498973305954825,0.011498973305954825,0.010130047912388775,0.010130047912388775,0.010130047912388775,0.010130047912388775,0.010130047912388775,0.010130047912388775,0.010130047912388775,0.010130047912388775,0.010130047912388775,0.010130047912388775,0.010130047912388775,0.010130047912388775,0.010130047912388775,0.010130047912388775
6,BETHALTO,1.4174839151266254,1.4242464065708418,1.4628281861738537,1.5503463381245721,1.4978431211498975,1.5395618891170428,1.631912306639288,1.6522850047912387,1.6033073237508555,1.4516659794661189,1.5030034140999315,1.470518814510609,1.5404928076659825,1.5622067214236826,1.5464476468172486,1.557051329226557,1.5526132785763176,1.5378736025553275,1.5231339265343373,1.5083942505133472,1.6589349760438057,1.6621218370978783,1.7996303353867213,1.7088815879534565,1.671030800821355,1.5824914442162903,1.6670335386721424,1.504613278576318,1.504613278576318,1.4088323066392883,1.428835044490075,1.4724572210814513,1.4427652292950035,1.4159315541409994,1.3890978789869954,1.3890978789869954,1.3890978789869954,1.3890978789869954,1.3890978789869954
7,BP PRODUCTS - NORTH AMERICAN,1.8863791923340179,3.487802874743327,3.6622915811088297,4.231698836413415,3.5669141683778234,2.8291022587268992,2.5754715947980835,2.2683258042436685,2.3901984941820666,2.4380632808578597,2.4859280675336524,2.5337928542094454,2.598220396988364,3.247775496235455,2.0161790554414782,1.4735550992470912,2.328900862422998,1.9548254620123202,1.4151348391512664,1.4499110198494183,1.6904344969199179,1.7679178644763862,1.9516550308008214,1.9390554414784393,1.6354496919917865,1.3363942505133468,1.8185790554414785,1.7151868583162218,1.9453305954825462,1.8827433264887063,1.500665297741273,1.2385675564681726,1.038513018480493,0.43534718685831625,0.9229798767967146,1.3297458726899385,1.5345294455852156,0.8341945188227242,0.8341945188227242
8,C M LOHR INC,0.00016427104722792606,0.00016427104722792606,0.00016427104722792606,0.00016427104722792606,0.00032854209445585213,0.00032854209445585213,0.00016427104722792606,0.00016427104722792606,0.00016427104722792606,0.00016427104722792606,0.00016427104722792606,0.00016427104722792606,0.00016427104722792606,0.00016427104722792606,0.00016427104722792606,0.00016427104722792606,0.00016427104722792606,0.00016427104722792606,0.00016427104722792606,0.00016427104722792606,0.00016427104722792606,0.00016427104722792606,0.0008870636550308009,0.0008870636550308009,0.000889801505817933,0.0008213552361396304,0.0008213552361396304,0.0008213552361396304,0.0008213552361396304,0.0008213552361396304,0.0008213552361396304,0.0008213552361396304,0.0008213552361396304,0.0008213552361396304,0.0008213552361396304,0.0008213552361396304,0.0008213552361396304,0.0008213552361396304,0.0008213552361396304
9,CERRO COPPER PRODUCTS,,0.32854209445585214,0.2464065708418891,0.2464065708418891,0.2464065708418891,0.2464065708418891,0.2464065708418891,0.2464065708418891,0.2464065708418891,0.2464065708418891,0.2464065708418891,0.2464065708418891,0.2464065708418891,0.2464065708418891,0.2464065708418891,0.2464065708418891,0.2464065708418891,0.2464065708418891,0.2464065708418891,0.2464065708418891,0.2464065708418891,0.2464065708418891,0.2464065708418891,0.2464065708418891,0.2464065708418891,0.2464065708418891,0.2464065708418891,0.2464065708418891,0.2464065708418891,0.2464065708418891,0.2464065708418891,0.2464065708418891,0.2464065708418891,0.2464065708418891,0.2464065708418891,0.2464065708418891,0.2464065708418891,0.2464065708418891,0.2464065708418891
10,CHEMETCO INC,0.6155044490075291,0.7875523613963039,0.44478850102669404,0.3126160164271047,0.07434086242299795,0.08765913757700206,0.17679671457905544,0.16121149897330594,0.09627104722792608,0.11191786447638605,0.07234496919917864,0.10181519507186859,0.12561806981519505,0.12300250969655485,0.12038694957791465,0.11777138945927446,0.11515582934063426,0.11254026922199406,0.10992470910335386,0.10992470910335386,0.10992470910335386,0.10992470910335386,0.10992470910335386,0.10992470910335386,0.10992470910335386,0.10992470910335386,0.10992470910335386,0.10992470910335386,0.10992470910335386,0.10992470910335386,0.10992470910335386,0.10992470910335386,0.10992470910335386,0.10992470910335386,0.10992470910335386,0.10992470910335386,0.10992470910335386,0.10992470910335386,0.10992470910335386
11,COLLINSVILLE,2.1259958932238194,2.1680766598220393,2.425571526351814,2.7232306639288155,2.6933607118412044,3.0847775496235452,2.072522381930185,2.835912388774812,2.2525037645448323,2.3520930869267622,2.541347022587269,2.541347022587269,2.600273785078713,2.233029431895962,2.424442162902122,2.615854893908282,0.28267761806981523,1.0605211042664842,1.8383645904631531,2.6162080766598224,2.7850130047912387,2.9538179329226555,3.1235154004106773,7.698726899383984,3.121149897330595,7.698726899383984,2.952829568788501,2.7323586529774126,2.296829568788501,2.229839545516769,2.099140314852841,2.356537275838467,2.3258507871321012,2.7100229979466124,2.3068254620123203,1.3810694045174539,2.2371561396303905,3.2638431594798085,3.2638431594798085
12,COLUMBIA QUARRY,0.0006023271731690623,0.0006023271731690623,0.0006023271731690623,0.0006023271731690623,0.0006023271731690623,0.0006023271731690623,0.0006023271731690623,0.0006023271731690623,0.0006023271731690623,0.0006023271731690623,0.0006023271731690623,0.0006023271731690623,0.0006023271731690623,0.0006023271731690623,0.0006023271731690623,0.0006023271731690623,0.0005051334702258726,0.0004079397672826831,0.0003107460643394935,0.0002135523613963039,0.00032580424366872003,0.00016427104722792606,0.00016427104722792606,0.00013689253935660506,5.4757015742642024e-05,8.213552361396303e-05,8.213552361396303e-05,8.213552361396303e-05,8.213552361396303e-05,8.213552361396303e-05,8.213552361396303e-05,0.00013689253935660506,0.00013689253935660506,0.00013689253935660506,0.00013689253935660506,0.00013689253935660506,0.00014236824093086925,0.00014236824093086925,0.00014236824093086925
13,COLUMBIA QUARRY CO DUPO #9,,,,,,,,,,,,,,,,,,,0.003559206023271732,0.007665982203969883,0.011772758384668035,0.007392197125256674,0.009259411362080767,0.007148528405201917,0.0070557152635181385,0.008213552361396304,0.008213552361396304,0.008213552361396304,0.008213552361396304,0.009582477754962354,0.009582477754962354,0.009582477754962354,0.008213552361396304,0.008487337440109514,0.008761122518822724,0.008487337440109514,0.008487337440109514,0.008487337440109514,0.008487337440109514
14,COTTONWOOD MHP,0.001698836413415469,0.001698836413415469,0.001698836413415469,0.001698836413415469,0.001698836413415469,0.0013689253935660506,0.0015468856947296371,0.0015468856947296371,0.0015468856947296371,0.0015468856947296371,0.0015468856947296371,0.0015468856947296371,0.0015468856947296371,0.0015468856947296371,0.0015468856947296371,0.0015468856947296371,0.0015468856947296371,0.0015468856947296371,0.0015468856947296371,0.0015468856947296371,0.0015468856947296371,0.0015468856947296371,0.0015468856947296371,0.0015468856947296371,0.0015468856947296371,0.0015468856947296371,0.0015468856947296371,0.0015468856947296371,0.0015468856947296371,0.0015468856947296371,0.0015468856947296371,0.0015468856947296371,0.0015468856947296371,0.0015468856947296371,0.0015468856947296371,0.0015468856947296371,0.0015468856947296371,0.0015468856947296371,0.0015468856947296371
15,COZY ACRES MHP,,,0.00010403832991101984,0.00010403832991101984,0.00010403832991101984,0.00010403832991101984,0.00010403832991101984,0.00010403832991101984,0.00010403832991101984,0.00010403832991101984,0.00010403832991101984,0.00010403832991101984,0.00010403832991101984,0.00010403832991101984,0.00010403832991101984,0.00010403832991101984,0.00010403832991101984,0.00010403832991101984,0.00010403832991101984,0.00010403832991101984,0.00010403832991101984,0.00010403832991101984,0.00010403832991101984,0.00010403832991101984,0.00010403832991101984,0.00010403832991101984,0.00010403832991101984,0.00010403832991101984,0.00010403832991101984,0.00010403832991101984,0.00010403832991101984,0.00010403832991101984,0.00010403832991101984,0.00010403832991101984,0.00010403832991101984,0.00010403832991101984,0.00010403832991101984,0.00010403832991101984,0.00010403832991101984
16,DUPO,,,,,,,,,,,,,0.4896591375770021,0.4955051334702259,0.5013511293634497,0.5071971252566736,0.5130431211498974,0.4106776180698152,0.4879507186858316,0.3711950718685832,0.2688870636550308,0.27184120465434636,0.2644380561259411,0.2894264202600958,0.30665571526351815,0.32306639288158795,0.32854209445585214,0.30252156057494867,0.33401779603011633,0.30029568788501027,0.3059630390143737,0.3174318959616701,0.3395537303216975,0.3450146475017112,0.35047556468172486,0.35593648186173854,0.3613973990417522,0.3668583162217659,0.3668583162217659
17,"EAGLE MARINE INDUSTRIES, INC",,,,,,,,,2.7378507871321012e-05,3.650467716176135e-05,4.563084645220169e-05,5.4757015742642024e-05,5.4757015742642024e-05,5.4757015742642024e-05,5.4757015742642024e-05,5.4757015742642024e-05,5.4757015742642024e-05,5.4757015742642024e-05,5.4757015742642024e-05,5.4757015742642024e-05,5.4757015742642024e-05,5.4757015742642024e-05,5.4757015742642024e-05,5.4757015742642024e-05,5.4757015742642024e-05,5.4757015742642024e-05,5.4757015742642024e-05,5.4757015742642024e-05,5.4757015742642024e-05,5.4757015742642024e-05,5.4757015742642024e-05,5.4757015742642024e-05,5.4757015742642024e-05,5.4757015742642024e-05,5.4757015742642024e-05,5.4757015742642024e-05,5.4757015742642024e-05,5.4757015742642024e-05,5.4757015742642024e-05
18,EAST ALTON,0.649264887063655,0.6431110746064339,0.6469705681040383,1.0382669404517455,1.2868336755646816,1.4167283504449009,1.4895496235455168,1.7965656399726215,1.8291581108829567,1.7757700205338809,1.8640295140314853,1.8640295140314853,1.365112114989733,1.562094455852156,1.4577590581793294,1.3980353182751541,1.1491592060232716,0.9367063655030802,1.1206543463381247,1.3471129363449692,1.8007310061601642,1.5294620150581795,1.8212128678986996,1.861582480492813,1.6422121834360026,1.5475675906913073,1.452922997946612,1.5395889801505818,1.176271047227926,1.4970650239561945,1.4829158110882956,1.4206187542778919,1.285620807665982,1.2972594113620808,1.1947679671457905,1.3328396075747204,1.4709112480036506,1.6089828884325805,1.6089828884325805
19,EDWARDSVILLE,1.7194387405886378,1.7211225188227246,1.9224832306639288,1.9413388090349075,1.8308336755646815,1.9813826146475018,2.0177960301163584,2.1458283367556468,2.0880344969199176,2.252305544147844,2.2985242984257357,2.510299794661191,2.437071154004107,2.636826201232033,2.776130513347023,2.7331863080082135,3.001470954141,3.9793300889801513,4.210277930184805,4.21939950992471,4.443259405886379,4.597979871321012,3.4756263682409307,3.6604436550308,4.101497604380561,5.2255137166324435,4.170754499657769,3.798008095824777,4.891951154004107,4.805121889117044,4.813774108145106,4.847012153319644,4.880250198494182,3.965069555099247,3.049888911704312,5.2700822313483915,7.490275550992471,9.71046887063655,9.71046887063655
20,FAIRMOUNT PARK,,,,,,,,0.008761122518822724,0.01202464065708419,0.011039014373716632,0.006242299794661191,0.004186173853524983,0.0028316221765913754,0.0028316221765913754,0.013108829568788501,0.013108829568788501,0.013108829568788501,0.016021902806297058,0.018934976043805615,0.02184804928131417,0.025735797399041752,0.013108829568788501,0.013108829568788501,0.02184804928131417,0.02184804928131417,0.01749486652977413,0.013141683778234086,0.006570841889117043,0.007080082135523614,0.0075893223819301844,0.010176591375770021,0.010521560574948666,0.010349075975359343,0.008796714579055441,0.008969199178644763,0.00724435318275154,0.007071868583162218,0.006209445585215605,0.006209445585215605
21,FAYETTEVILLE,0.02221601642710472,0.023899794661190965,0.030502121834360026,0.028227241615331966,0.026786584531143052,0.02345242984257358,0.02345242984257358,0.023134839151266254,0.028021902806297055,0.02762217659137577,0.02652703627652293,0.025431895961670087,0.024336755646817247,0.024336755646817247,0.024336755646817247,0.027542778918548942,0.02835500798539813,0.02916723705224732,0.029979466119096507,0.03297741273100616,0.024982888432580425,0.03697467488021902,0.06023271731690623,0.06435318275154003,0.027542778918548942,0.027542778918548942,0.027542778918548942,0.027542778918548942,0.027542778918548942,0.027542778918548942,0.027542778918548942,0.027542778918548942,0.027542778918548942,0.027542778918548942,0.027542778918548942,0.027542778918548942,0.027542778918548942,0.027542778918548942,0.027542778918548942
22,FOUNTAIN WATER DISTRICT,,,,,,,,,,,,,,,0.05447130458590007,0.05447130458590007,0.0963917864476386,0.10363203285420944,0.1219605749486653,0.13986420260095825,0.16898015058179328,0.18604161533196442,0.19296481861738535,0.21126286652977413,0.26835482546201234,0.29065639972621493,0.3074086242299795,0.31990691307323754,0.3069943819301848,0.322958521560575,0.3438130047912389,0.3588438056125941,0.3408281998631075,0.3442418891170431,0.34765557837097877,0.35106926762491447,0.3544829568788501,0.35789664613278577,0.35789664613278577
23,GATEWAY NATIONAL GOLF LINKS,,,,,,,,,,,,,,,,,0.13689253935660506,0.13689253935660506,0.13689253935660506,0.13689253935660506,0.13689253935660506,0.13689253935660506,0.13689253935660506,0.13689253935660506,0.13689253935660506,0.13689253935660506,0.13689253935660506,0.13689253935660506,0.09856262833675565,0.09034907597535935,0.08487337440109513,0.08487337440109513,0.08487337440109513,0.08487337440109513,0.08487337440109513,0.08487337440109513,0.08487337440109513,0.08487337440109513,0.08487337440109513
24,GENERAL CHEMICAL CORPORATION,,,0.024093086926762493,0.02099383983572895,0.005568788501026693,0.0027232854209445585,0.00528788501026694,0.00528788501026694,0.00528788501026694,0.00528788501026694,0.00528788501026694,0.00528788501026694,0.00528788501026694,0.00528788501026694,0.00528788501026694,0.00528788501026694,0.00528788501026694,0.00528788501026694,0.00528788501026694,0.00528788501026694,0.00528788501026694,0.00528788501026694,0.00528788501026694,0.00528788501026694,0.00528788501026694,0.00528788501026694,0.00528788501026694,0.00528788501026694,0.00528788501026694,0.00528788501026694,0.00528788501026694,0.00528788501026694,0.00528788501026694,0.00528788501026694,0.00528788501026694,0.00528788501026694,0.00528788501026694,0.00528788501026694,0.00528788501026694
25,GLEN CARBON,0.5165995893223819,0.5645264887063655,0.7763650102669404,0.6119452429842573,0.3340819712525668,0.41096427104722794,0.6236720054757017,0.691939767282683,0.6782562628336756,0.6840503764544832,0.7480134154688569,0.8025952087611226,0.8218198494182067,0.8992281943874059,0.8218099931553731,0.8182792607802876,0.8182792607802876,0.8182792607802876,0.8182792607802876,0.8182792607802876,0.8182792607802876,0.8182792607802876,0.8182792607802876,0.8182792607802876,0.8182792607802876,0.8182792607802876,0.8182792607802876,0.8182792607802876,0.8182792607802876,0.8182792607802876,0.8182792607802876,0.8182792607802876,0.8182792607802876,0.8182792607802876,0.8182792607802876,0.8182792607802876,0.8182792607802876,0.8182792607802876,0.8182792607802876
26,HAMEL,0.06041876796714579,0.054312791238877486,0.05518431211498974,0.05195071868583162,0.04160711841204655,0.05174537987679671,0.048117043121149894,0.06341957563312799,0.06115537303216975,0.060724161533196444,0.06669952087611226,0.05964681724845996,0.06949240246406571,0.07442573579739903,0.06271594798083505,0.05921149897330596,0.061629018480492806,0.05892402464065709,0.05892402464065709,0.05892402464065709,0.05892402464065709,0.05892402464065709,0.05892402464065709,0.05892402464065709,0.05892402464065709,0.05892402464065709,0.05892402464065709,0.05892402464065709,0.05892402464065709,0.05892402464065709,0.05892402464065709,0.05892402464065709,0.05892402464065709,0.05892402464065709,0.05892402464065709,0.05892402464065709,0.05892402464065709,0.05892402464065709,0.05892402464065709
27,HARTFORD,0.3618759753593429,0.3618759753593429,0.16424366872005475,0.4135195071868583,0.3458924024640657,0.33257713894592744,0.3722316221765914,0.44148339493497607,0.30408829568788504,0.21093059274469542,0.22062726899383983,0.23467761806981519,0.25249618069815194,0.26977111567419576,0.29049828884325807,0.28804681724845993,0.3318102669404518,0.3095337440109514,0.28647282683093767,0.263411909650924,0.306715947980835,0.2815770020533881,0.2614483230663929,0.30817522245037643,0.28375633127994526,0.2940479123887748,0.3372375085557837,0.36170841889117045,0.38017248459958936,0.38017248459958936,0.38017248459958936,0.3376563997262149,0.14295414099931553,0.14295414099931553,0.14295414099931553,0.14295414099931553,0.14295414099931553,0.14295414099931553,0.14295414099931553
28,HOLIDAY MHP,0.04096287748117727,0.04525034907597536,0.04433765913757701,0.04411809445585216,0.041568692676249144,0.04289160574948665,0.03488021902806297,0.0379132849646361,0.04094635090120922,0.043979416837782344,0.037973990417522245,0.03159890485968515,0.027980835044490077,0.027980835044490077,0.027980835044490077,0.027980835044490077,0.027980835044490077,0.027980835044490077,0.027980835044490077,0.027980835044490077,0.027980835044490077,0.027980835044490077,0.027980835044490077,0.027980835044490077,0.027980835044490077,0.027980835044490077,0.027980835044490077,0.027980835044490077,0.027980835044490077,0.027980835044490077,0.027980835044490077,0.027980835044490077,0.027980835044490077,0.027980835044490077,0.027980835044490077,0.027980835044490077,0.027980835044490077,0.027980835044490077,0.027980835044490077
29,HORSESHOE LAKE STATE PARK,,,,2.7378507871321015e-05,2.7378507871321015e-05,3.4223134839151266e-05,4.1067761806981516e-05,7.426420260095825e-05,0.00010746064339493496,0.00010746064339493496,0.0001327857631759069,0.00010746064339493496,6.570841889117044e-05,6.570841889117044e-05,6.570841889117044e-05,6.570841889117044e-05,6.570841889117044e-05,6.570841889117044e-05,6.570841889117044e-05,6.570841889117044e-05,6.570841889117044e-05,6.570841889117044e-05,6.570841889117044e-05,6.570841889117044e-05,6.570841889117044e-05,6.570841889117044e-05,6.570841889117044e-05,6.570841889117044e-05,6.570841889117044e-05,6.570841889117044e-05,6.570841889117044e-05,6.570841889117044e-05,6.570841889117044e-05,6.570841889117044e-05,6.570841889117044e-05,6.570841889117044e-05,6.570841889117044e-05,6.570841889117044e-05,6.570841889117044e-05
30,IDOT DIST 8 - EAST ST LOUIS DEWATERING,,9.35359342915811,9.848049281314168,10.792607802874743,10.792607802874743,10.792607802874743,10.792607802874743,12.232717316906228,10.072553045859001,11.225188227241615,11.208761122518823,11.208761122518823,22.988254620123204,26.226036960985628,26.226036960985628,21.41253388090349,19.73782340862423,18.334743326488706,16.93166324435318,14.125503080082135,14.052428199863106,14.052428199863106,14.052428199863106,14.052428199863106,14.052428199863106,14.052428199863106,13.97935331964408,13.97935331964408,17.77182751540041,17.77182751540041,17.76646132785763,17.26817248459959,17.265434633812458,17.265434633812458,17.265434633812458,17.265434633812458,17.265434633812458,17.265434633812458,17.265434633812458
31,JOHN RIECHMANN,,,,,,,,,,,,,,,,,,,,,,,,,,,,,,,,,,,0.04546259274469542,0.09613738809034908,0.09613738809034908,0.09613738809034908,0.09613738809034908
32,KETTLER CASTING CO INC,0.0007015742642026009,0.00035078713210130047,0.0006023271731690623,0.0006023271731690623,0.0007255304585900068,0.0006570841889117043,0.0010951403148528405,0.0010951403148528405,0.0010951403148528405,0.0010951403148528405,0.0010951403148528405,0.0010951403148528405,0.0010951403148528405,0.0010951403148528405,0.0010951403148528405,0.0013689253935660506,0.0013689253935660506,0.0013689253935660506,0.0013689253935660506,0.0013689253935660506,0.0013689253935660506,0.0013689253935660506,0.0013689253935660506,0.0013689253935660506,0.0013689253935660506,0.0013689253935660506,0.0013689253935660506,0.0013689253935660506,0.00052435318275154,0.00052435318275154,0.00052435318275154,0.00052435318275154,0.00052435318275154,0.00052435318275154,0.00052435318275154,0.00052435318275154,0.00052435318275154,0.00052435318275154,0.00052435318275154
33,KIENSTRA INC,,,,,,,,,,,,,,,,,,,,,,,,,0.0002464065708418891,0.0002464065708418891,0.0002464065708418891,0.0002464065708418891,0.0002464065708418891,0.0002464065708418891,0.0002464065708418891,0.0002464065708418891,0.0002464065708418891,0.0002464065708418891,0.0002464065708418891,0.0002464065708418891,0.0002464065708418891,0.0002464065708418891,0.0002464065708418891
34,LEGACY GOLF COURSE,,,,,,,,,,,0.00014784394250513347,0.00014784394250513347,0.0004928131416837782,0.0004928131416837782,0.0004928131416837782,0.0004928131416837782,0.0004928131416837782,0.0004928131416837782,0.0004928131416837782,0.0004928131416837782,0.0004928131416837782,0.0004928131416837782,0.0004928131416837782,0.0004928131416837782,0.0004928131416837782,0.0004928131416837782,0.0004928131416837782,0.0004928131416837782,0.0004928131416837782,0.0004928131416837782,0.0004928131416837782,0.0004928131416837782,0.0004928131416837782,0.0004928131416837782,0.0004928131416837782,0.0004928131416837782,0.0004928131416837782,0.0004928131416837782,0.0004928131416837782
35,LIVINGSTON,0.05647458726899384,0.05201916495550993,0.05995893223819301,0.0707460643394935,0.05995893223819301,0.05995893223819301,0.06775359342915811,0.06269130732375086,0.06406023271731691,0.08213552361396304,0.06570841889117043,0.05475701574264202,0.05475701574264202,0.06803832991101985,0.06803832991101985,0.06803832991101985,0.06803832991101985,0.06803832991101985,0.06803832991101985,0.06803832991101985,0.06803832991101985,0.06803832991101985,0.06803832991101985,0.06803832991101985,0.06803832991101985,0.06803832991101985,0.06803832991101985,0.06803832991101985,0.06803832991101985,0.06803832991101985,0.06803832991101985,0.06803832991101985,0.06803832991101985,0.06803832991101985,0.06803832991101985,0.06803832991101985,0.06803832991101985,0.06803832991101985,0.06803832991101985
36,LOCUST HILLS GOLF CLUB,,,,,,,,,,,,,,,0.010053388090349075,0.010053388090349075,0.024640657084188913,0.024640657084188913,0.02974401095140315,0.01859548254620123,0.03904175222450376,0.035044490075290896,0.026132785763175907,0.0264476386036961,0.034297056810403834,0.03613963039014374,0.04109240246406571,0.01920602327173169,0.01542778918548939,0.01542778918548939,0.01542778918548939,0.01542778918548939,0.01542778918548939,0.01542778918548939,0.01542778918548939,0.01542778918548939,0.01542778918548939,0.01542778918548939,0.01542778918548939
37,LONG LAKE FARMS,,,,,,,,,,,,,,,,,,,,,,0.10508591923340178,0.10508756194387406,0.15762887885010268,0.09499767008898015,0.19734428473648186,0.1163096810403833,0.12577960301163588,0.20971672553045856,0.12594113620807668,0.10513347022587269,0.10513347022587269,0.10513347022587269,0.10513347022587269,0.10513347022587269,0.10513347022587269,0.10513347022587269,0.10513347022587269,0.10513347022587269
38,MAEYSTOWN,0.011260780287474334,0.010466803559206024,0.010130047912388775,0.009965776865160848,0.013325119780971936,0.011526351813826146,0.011526351813826146,0.011526351813826146,0.011234428473648186,0.010942505133470226,0.010942505133470226,0.014817248459958932,0.008213552361396304,0.0249533196440794,0.00919917864476386,0.014590324435318274,0.0327499794661191,0.033232997946611914,0.03371601642710472,0.034328109514031487,0.03415152635181383,0.03248073921971253,0.08113894592744696,0.031184120465434634,0.031184120465434634,0.031184120465434634,0.028653524982888433,0.028653524982888433,0.030526488706365505,0.03239945242984257,0.03239945242984257,0.03239945242984257,0.03239945242984257,0.03239945242984257,0.03239945242984257,0.03239945242984257,0.03239945242984257,0.03239945242984257,0.03239945242984257
39,MAPLE LEAF ESTATES WATER CORP,0.00384394250513347,0.003247775496235455,0.00278757015742642,0.003247775496235455,0.003247775496235455,0.003397672826830938,0.003397672826830938,0.00384394250513347,0.0026064339493497603,0.0013689253935660506,0.0015605749486652977,0.0006386858316221766,0.003072895277207392,0.004232101300479124,0.0037973990417522244,0.0036475017111567416,0.003902327173169062,0.003902327173169062,0.003902327173169062,0.003902327173169062,0.003902327173169062,0.003902327173169062,0.003902327173169062,0.003902327173169062,0.003902327173169062,0.003902327173169062,0.003902327173169062,0.003902327173169062,0.003902327173169062,0.003902327173169062,0.003902327173169062,0.003902327173169062,0.003902327173169062,0.003902327173169062,0.003902327173169062,0.003902327173169062,0.003902327173169062,0.003902327173169062,0.003902327173169062
40,MARINE,0.06895824777549624,0.03290595482546201,0.08733744010951403,0.06375906913073237,0.06375906913073237,0.0622340862422998,0.0622340862422998,0.07314989733059549,0.07353593429158112,0.07392197125256673,0.07392197125256673,0.07392197125256673,0.07392197125256673,0.07392197125256673,0.07392197125256673,0.07392197125256673,0.07392197125256673,0.07392197125256673,0.07392197125256673,0.07392197125256673,0.07392197125256673,0.07392197125256673,0.07392197125256673,0.07392197125256673,0.07392197125256673,0.07392197125256673,0.07392197125256673,0.07392197125256673,0.07392197125256673,0.07392197125256673,0.07392197125256673,0.07392197125256673,0.07392197125256673,0.07392197125256673,0.07392197125256673,0.07392197125256673,0.07392197125256673,0.07392197125256673,0.07392197125256673
41,MARYVILLE,0.2757782340862423,0.2527310061601643,0.3845158110882957,0.2891718001368926,0.6239616700889802,0.5377084188911704,0.3993894318959617,0.5300698151950718,0.4713839835728953,0.5051471622176591,0.5328268254620123,0.5225133470225872,0.5166954086242299,0.5719616755646818,0.611741273100616,0.611741273100616,0.6451492128678986,0.6785571526351813,0.6907597535934291,0.6897357973990418,0.7419657768651609,0.7435017111567419,0.7544996577686516,0.7963394934976045,0.8845147159479809,0.878009582477755,0.955811088295688,0.8735934291581109,0.8434414784394251,0.8588583162217659,0.9148692676249145,0.951794661190965,0.8465023956194387,0.864870636550308,0.836829568788501,0.8547022587268994,0.8897809719370295,0.9248596851471595,0.9248596851471595
42,MIDWEST RUBBER RECLAIMING,0.31759069130732376,0.36413415468856947,0.4572210814510609,0.6187542778918549,0.432580424366872,0.2464065708418891,0.3193429158110883,0.12260646680355922,0.12260646680355922,0.12260646680355922,0.12260646680355922,0.12260646680355922,0.12260646680355922,0.12260646680355922,0.12260646680355922,0.12260646680355922,0.12260646680355922,0.12260646680355922,0.12260646680355922,0.12260646680355922,0.12260646680355922,0.12260646680355922,0.12260646680355922,0.12260646680355922,0.12260646680355922,0.12260646680355922,0.12260646680355922,0.12260646680355922,0.12260646680355922,0.12260646680355922,0.12260646680355922,0.12260646680355922,0.12260646680355922,0.12260646680355922,0.12260646680355922,0.12260646680355922,0.12260646680355922,0.12260646680355922,0.12260646680355922
43,MOBIL OIL CORP - SAUGET TERMINAL,,,,,,2.7378507871321012e-05,2.7378507871321012e-05,2.7378507871321012e-05,2.7378507871321012e-05,2.7378507871321012e-05,0.0009582477754962354,0.0009582477754962354,0.0009582477754962354,0.0009582477754962354,0.0009582477754962354,0.0009582477754962354,0.0009582477754962354,0.0009582477754962354,0.0009582477754962354,0.0009582477754962354,0.0009582477754962354,0.0009582477754962354,0.0009582477754962354,0.0009582477754962354,0.0009582477754962354,0.0009582477754962354,0.0009582477754962354,0.0009582477754962354,0.0009582477754962354,0.0009582477754962354,0.0009582477754962354,0.0009582477754962354,0.0009582477754962354,0.0009582477754962354,0.0009582477754962354,0.0009582477754962354,0.0009582477754962354,0.0009582477754962354,0.0009582477754962354
44,MOUND PWD,0.11285420944558522,0.10967282683093771,0.10967282683093771,0.10184804928131418,0.09941683778234087,0.08207062559890486,0.08206981519507187,0.10763039014373717,0.10089631759069131,0.09416224503764546,0.09883641341546887,0.10935824777549624,0.10814592744695414,0.11590034223134839,0.11672224503764546,0.10589760438056126,0.104545106091718,0.10319260780287474,0.09129680492813141,0.0794010020533881,0.039356605065023954,0.10133360711841205,0.07512717316906228,0.0784785763175907,0.10828720054757017,0.09249445585215606,0.09249445585215606,0.09249445585215606,0.10923997262149214,0.10923997262149214,0.10782477754962355,0.10640958247775496,0.10499438740588637,0.11986776180698151,0.11018404654346338,0.11018404654346338,0.11018404654346338,0.11018404654346338,0.11018404654346338
45,OLIN CORP,0.3294236824093087,3.3890403832991103,1.8054346338124572,0.22182888432580425,0.3886242299794661,0.46236824093086926,0.6882080766598221,0.7280711841204655,0.7195071868583163,0.7195071868583163,0.7195071868583163,0.7195071868583163,0.7195071868583163,0.7195071868583163,0.9121971252566735,0.9231485284052019,0.9510746064339494,0.9493497604380561,0.9493497604380561,0.9493497604380561,0.7494866529774127,0.7494866529774127,1.0792607802874743,0.8440559397672827,1.0992470910335386,1.1592060232717316,1.242655715263518,1.2268062970568103,1.276331279945243,1.2335195071868583,1.3211498973305955,1.2123203285420945,1.193949349760438,1.0725256673511294,1.1215605749486652,0.7900068446269679,1.2721601861738534,1.3188774811772759,1.3188774811772759
46,ORCHARDS GOLF CLUB,,,,,,,,,,,,,,,,0.0029568788501026697,0.0024837782340862424,0.00222258726899384,0.0019613963039014372,0.0017002053388090349,0.0014390143737166323,0.0014390143737166323,0.0014390143737166323,0.0014390143737166323,0.0014390143737166323,0.0014390143737166323,0.0014390143737166323,0.0014390143737166323,0.0014390143737166323,0.0014390143737166323,0.0014390143737166323,0.0014390143737166323,0.0014390143737166323,0.0014390143737166323,0.0014390143737166323,0.0014390143737166323,0.0014390143737166323,0.0014390143737166323,0.0014390143737166323
47,PARKVIEW TERRACE MHP,0.0028980150581793293,0.00102943189596167,0.002245037645448323,0.002217659137577002,0.0027378507871321013,0.0027378507871321013,0.00016427104722792606,0.00016427104722792606,0.00016427104722792606,0.00016427104722792606,0.00016427104722792606,0.00016427104722792606,0.00016427104722792606,0.00016427104722792606,0.00016427104722792606,0.00016427104722792606,0.00016427104722792606,0.00016427104722792606,0.00016427104722792606,0.00016427104722792606,0.00016427104722792606,0.00016427104722792606,0.00016427104722792606,0.00016427104722792606,0.00016427104722792606,0.00016427104722792606,0.00016427104722792606,0.00016427104722792606,0.00016427104722792606,0.00016427104722792606,0.00016427104722792606,0.00016427104722792606,0.00016427104722792606,0.00016427104722792606,0.00016427104722792606,0.00016427104722792606,0.00016427104722792606,0.00016427104722792606,0.00016427104722792606
48,PERFORMANCE PRODUCTS INC,0.07195071868583162,0.07195071868583162,0.07195071868583162,0.07195071868583162,0.07195071868583162,0.07195071868583162,0.07195071868583162,0.07195071868583162,0.07195071868583162,0.07195071868583162,0.07195071868583162,0.07195071868583162,0.07195071868583162,0.07195071868583162,0.07195071868583162,0.07195071868583162,0.07195071868583162,0.07195071868583162,0.07195071868583162,0.07195071868583162,0.07195071868583162,0.07195071868583162,0.07195071868583162,0.07195071868583162,0.07195071868583162,0.07195071868583162,0.07195071868583162,0.07195071868583162,0.07195071868583162,0.07195071868583162,0.07195071868583162,0.07195071868583162,0.07195071868583162,0.07195071868583162,0.07195071868583162,0.07195071868583162,0.07195071868583162,0.07195071868583162,0.07195071868583162
49,PREMCOR REFINING GROUP,2.302532511978097,2.1873018480492816,1.8851088295687883,3.3525437371663243,3.355744284736482,3.359716495550993,2.6923958932238192,2.988350444900753,2.9235975359342916,3.1238877481177276,3.0390143737166326,3.0390143737166326,3.4168377823408624,3.301848049281314,1.3305954825462012,2.7498973305954824,2.7498973305954824,2.838603696098563,2.8366324435318275,2.598110882956879,2.6491718001368927,3.3085831622176594,0.35961670088980147,0.6331663244353183,0.8909158110882957,1.053095140314853,1.1017905544147844,1.0721095140314856,1.0949842573579738,1.1007501711156742,1.0473115947980842,1.202447446954141,2.5355229130732377,2.4263161998631073,1.686207961670089,0.9460997234770705,0.8515006634725074,0.7569016034679443,0.6623025434633812
50,RANGELAND PARK MHP,0.0002491444216290212,0.0002053388090349076,0.0019164955509924709,0.0017631759069130731,0.0017631759069130731,0.0017631759069130731,0.0017631759069130731,0.0017631759069130731,0.0017631759069130731,0.0017631759069130731,0.0017631759069130731,0.0017631759069130731,0.0017631759069130731,0.0017631759069130731,0.0017631759069130731,0.0017631759069130731,0.0017631759069130731,0.0017631759069130731,0.0017631759069130731,0.0017631759069130731,0.0017631759069130731,0.0017631759069130731,0.0017631759069130731,0.0017631759069130731,0.0017631759069130731,0.0017631759069130731,0.0017631759069130731,0.0017631759069130731,0.0017631759069130731,0.0017631759069130731,0.0017631759069130731,0.0017631759069130731,0.0017631759069130731,0.0017631759069130731,0.0017631759069130731,0.0017631759069130731,0.0017631759069130731,0.0017631759069130731,0.0017631759069130731
51,RIVER LAKES GOLF COURSE,,,,,,,,,,,0.02053388090349076,0.024640657084188913,0.004014554414784394,0.004014554414784394,0.004623125712981976,0.005231697011179558,0.005840268309377139,0.006448839607574721,0.007057410905772303,0.0076659822039698835,0.00675336527492585,0.005840748345881816,0.004928131416837783,0.02190280629705681,0.01642710472279261,0.01642710472279261,0.013963039014373718,0.011498973305954827,0.011498973305954827,0.011498973305954827,0.011498973305954827,0.011498973305954827,0.011498973305954827,0.005256673511293634,0.005256673511293634,0.005256673511293634,0.005256673511293634,0.005256673511293634,0.005256673511293634
52,ROCKWOOD PIGMENTS,0.9156425188227242,0.826513891854894,1.4017796030116358,2.0793757700205338,2.0985626283367553,2.505133470225873,2.7652292950034223,2.0533880903490758,2.6946475017111564,2.1149733059548255,2.1149733059548255,1.4429103353867214,1.4429103353867214,1.4429103353867214,1.4429103353867214,1.4429103353867214,1.4429103353867214,0.4002464065708419,0.36800821355236135,0.7728946201232033,0.7536386219484372,0.734382623773671,0.7151266255989049,0.7151266255989049,0.7151266255989049,0.7151266255989049,0.7151266255989049,0.7151266255989049,0.7151266255989049,0.7151266255989049,0.7151266255989049,0.7151266255989049,0.7151266255989049,0.7151266255989049,0.7151266255989049,0.7151266255989049,0.7151266255989049,0.7151266255989049,0.7151266255989049
53,ROXANA,0.5600054702258728,0.5403039014373716,0.5828008213552361,0.6561943874058864,0.6488706365503081,0.571937029431896,0.5479452429842573,0.5479452429842573,0.5995130732375086,0.5995130732375087,0.5995130732375086,0.5995130732375086,0.5673010266940451,0.5673010266940451,0.5695849418206709,0.6930631074606434,0.8454264202600958,0.7985281314168378,0.758864065708419,0.26611909650924026,0.7381656399726215,0.7323909650924024,0.7767173169062287,0.8544613278576317,0.9411334702258728,0.8882573579739904,0.9034031485284052,0.9987679671457905,1.168643394934976,1.0978781656399725,1.0403832991101984,0.9601642710472279,1.0088213552361396,1.0351430527036276,1.0614647501711156,0.9336071184120465,0.8892539356605065,0.8643394934976044,0.8643394934976044
54,SIU EDWARDSVILLE,,,,,,,,,,,,,,0.0005475701574264203,0.0013094749193311823,0.0020713796812359443,0.002833284443140706,0.0035951892050454684,0.004357093966950231,0.005118998728854992,0.005880903490759754,0.005880903490759754,0.005880903490759754,0.005880903490759754,0.005880903490759754,0.005694729637234771,0.010888432580424367,0.009130914898471367,0.007373397216518366,0.005615879534565367,0.005615879534565367,0.013063928815879533,0.004569746748802191,0.003490759753593429,0.0011772758384668036,0.0011772758384668036,0.0011772758384668036,0.0011772758384668036,0.0011772758384668036
55,SMITHTON,,0.0004243668720054757,0.0007077344284736482,0.0007115674195756331,0.0008101300479123887,0.00043793292265571527,6.573579739904175e-05,0.0002765229295003423,0.0011501300479123888,0.0020237371663244354,0.0010978781656399727,0.0026009582477754963,0.0026009582477754963,0.002464065708418891,0.0019164955509924709,0.0014108145106091717,0.0015058179329226558,0.0017362537075062744,0.001966689482089893,0.0021971252566735113,0.0015058179329226558,0.00225927446954141,0.0019099247091033539,0.0015605749486652977,0.0012112251882272415,0.0008618754277891854,0.0005125256673511292,0.00016317590691307323,0.00016317590691307323,0.00016317590691307323,0.00016317590691307323,0.00016317590691307323,0.00016317590691307323,0.00016317590691307323,0.00016317590691307323,0.00016317590691307323,0.00016317590691307323,0.00016317590691307323,0.00016317590691307323
56,SMURFIT STONE CONTAINER ENTERPRISES,3.3018480492813143,3.2004626967830254,3.2004626967830254,3.2004626967830254,3.0135331964407936,3.0135331964407936,2.9979466119096507,2.9979466119096507,2.895277207392197,2.792607802874743,2.792607802874743,2.792607802874743,2.792607802874743,2.792607802874743,2.792607802874743,2.792607802874743,2.792607802874743,2.792607802874743,2.792607802874743,2.792607802874743,2.792607802874743,2.792607802874743,2.792607802874743,2.792607802874743,2.792607802874743,2.792607802874743,2.792607802874743,2.792607802874743,2.792607802874743,2.792607802874743,2.792607802874743,2.792607802874743,2.792607802874743,2.792607802874743,2.792607802874743,2.792607802874743,2.792607802874743,2.792607802874743,2.792607802874743
57,SOLVAY FLUORIDES INC,0.024640657084188913,0.03217768651608487,0.021114258726899385,0.012330036960985627,0.014028120465434633,0.017659137577002056,0.009582477754962354,0.0027378507871321013,0.0027378507871321013,0.0027378507871321013,0.0027378507871321013,0.0027378507871321013,0.0027378507871321013,0.0027378507871321013,0.0027378507871321013,0.0027378507871321013,0.0027378507871321013,0.0027378507871321013,0.0027378507871321013,0.0027378507871321013,0.0027378507871321013,0.0027378507871321013,0.0027378507871321013,0.0027378507871321013,0.0027378507871321013,0.0027378507871321013,0.0027378507871321013,0.0027378507871321013,0.0027378507871321013,0.0027378507871321013,0.0027378507871321013,0.0027378507871321013,0.0027378507871321013,0.0027378507871321013,0.0027378507871321013,0.0027378507871321013,0.0027378507871321013,0.0027378507871321013,0.0027378507871321013
58,SPENCER T. OLIN GOLF COURSE,,,,,,,,,0.07885010266940452,0.2108145106091718,0.13991786447638602,0.17386447638603694,0.017782340862422998,0.2485968514715948,0.20670773442847365,0.20670773442847365,0.18046999771845768,0.1542322610084417,0.12799452429842573,0.10175678758840977,0.0755190508783938,0.049281314168377825,0.05475701574264202,0.05481177275838467,0.06851471594798084,0.08213552361396304,0.09582477754962354,0.040734001368925396,0.040734001368925396,0.040734001368925396,0.040734001368925396,0.040734001368925396,0.040734001368925396,0.040734001368925396,0.040734001368925396,0.040734001368925396,0.040734001368925396,0.040734001368925396,0.040734001368925396
59,SPRING VALLEY MHP,0.0026981519507186863,0.0027898699520876114,0.002464065708418891,0.002053388090349076,0.003490759753593429,0.004106776180698152,0.0030390143737166328,0.0012901437371663244,0.0012221765913757701,0.0012221765913757701,0.0012221765913757701,0.0012221765913757701,0.0012221765913757701,0.0012221765913757701,0.0012221765913757701,0.0012221765913757701,0.0012221765913757701,0.0012221765913757701,0.0012221765913757701,0.0012221765913757701,0.0012221765913757701,0.0012221765913757701,0.0012221765913757701,0.0012221765913757701,0.0012221765913757701,0.0012221765913757701,0.0012221765913757701,0.0012221765913757701,0.0012221765913757701,0.0012221765913757701,0.0012221765913757701,0.0012221765913757701,0.0012221765913757701,0.0012221765913757701,0.0012221765913757701,0.0012221765913757701,0.0012221765913757701,0.0012221765913757701,0.0012221765913757701
60,ST JACOB,0.028556331279945238,0.027678028747433265,0.03127118412046544,0.029610841889117043,0.022516906228610543,0.027540588637919233,0.02740807665982204,0.026438603696098566,0.0226943189596167,0.022982067077344286,0.026618754277891857,0.02768952772073922,0.02737850787132101,0.025712799452429845,0.027166872005475705,0.027188501026694047,0.029598904859685145,0.03228637919233402,0.030504312114989735,0.03129637234770705,0.030954140999315538,0.030832032854209445,0.03077891854893908,0.03115044490075291,0.02431375770020534,0.023425051334702258,0.022765229295003422,0.022984257357973988,0.0209555099247091,0.0209555099247091,0.0209555099247091,0.03323340177960301,0.04551129363449692,0.013366187542778917,0.023529089664613277,0.023583846680355923,0.015392197125256673,0.009656399726214921,0.009656399726214921
61,ST LIBORY,0.049809719370294325,0.043529089664613274,0.04393702943189596,0.04184804928131417,0.04544832306639288,0.04725475701574264,0.0413305954825462,0.05263518138261465,0.047728952772073924,0.04466255989048597,0.046827104722792605,0.04426283367556469,0.042447638603696096,0.04795619438740588,0.04634086242299794,0.04469541409993155,0.04378261464750171,0.05496235455167693,0.04996577686516085,0.056605065023956194,0.04996577686516085,0.04996577686516085,0.058959616700889804,0.06655441478439425,0.05349486652977413,0.05349486652977413,0.04989459274469542,0.04989459274469542,0.04893908281998631,0.04893908281998631,0.04893908281998631,0.04893908281998631,0.04893908281998631,0.04893908281998631,0.04893908281998631,0.04893908281998631,0.04893908281998631,0.04893908281998631,0.04893908281998631
62,ST. LOUIS NATL STOCKYARDS CO,0.999315537303217,0.9848863791923339,0.6570841889117043,0.4271047227926078,0.2737850787132101,0.2322792607802875,0.5285156194387406,0.2685236550308008,0.2631405886379192,0.25667419575633127,0.2501033538672142,0.2501033538672142,0.19356440793976726,0.1756873374401095,0.17166324435318275,0.1744832306639288,0.1744832306639288,0.1744832306639288,0.1744832306639288,0.1744832306639288,0.1744832306639288,0.1744832306639288,0.1744832306639288,0.1744832306639288,0.1744832306639288,0.1744832306639288,0.1744832306639288,0.1744832306639288,0.1744832306639288,0.1744832306639288,0.1744832306639288,0.1744832306639288,0.1744832306639288,0.1744832306639288,0.1744832306639288,0.1744832306639288,0.1744832306639288,0.1744832306639288,0.1744832306639288
63,STEIN STEEL MILL SERVICES,,,,,,,,,,,,,,,,,,,,,,,,,,,,,,,0.005311430527036276,0.008071184120465435,0.008071184120465435,0.00577138945927447,0.007249828884325804,0.009489390828199863,0.008306639288158795,0.007019849418206708,0.007019849418206708
64,STONEWOLF GOLF COURSE,,,,,,,,,,,,,,,,,,,,,,,,,,,,,,,,,,0.036139630390143736,0.04243668720054757,0.04380561259411362,0.04106776180698152,0.04380561259411362,0.04380561259411362
65,SUGARLOAF LANDSCAPE NURSERY,,,,,,,,,,,,,,,0.009856262833675565,0.009856262833675565,0.014401095140314854,0.01894592744695414,0.02349075975359343,0.02803559206023272,0.03258042436687201,0.03258042436687201,0.03258042436687201,0.03258042436687201,0.03258042436687201,0.03258042436687201,0.03258042436687201,0.03258042436687201,0.03258042436687201,0.03258042436687201,0.03258042436687201,0.03258042436687201,0.03258042436687201,0.03258042436687201,0.03258042436687201,0.03258042436687201,0.03258042436687201,0.03258042436687201,0.03258042436687201
66,SUNSET HILLS COUNTRY CLUB,,,,,,0.013995893223819302,0.013995893223819302,0.038340862422997946,0.03296919917864476,0.02759753593429158,0.05913757700205339,0.07569609856262834,0.09462012320328543,0.08279260780287474,0.06702258726899384,0.056772073921971256,0.020501026694045174,0.02697330595482546,0.03344558521560575,0.03991786447638604,0.038329911019849415,0.03991786447638604,0.03991786447638604,0.055589322381930185,0.07126078028747433,0.08693223819301849,0.10260369609856262,0.11827515400410678,0.047310061601642715,0.047310061601642715,0.11827515400410678,0.11827515400410678,0.11827515400410678,0.11827515400410678,0.11827515400410678,0.11827515400410678,0.11827515400410678,0.11827515400410678,0.11827515400410678
67,THE NESTLE CO INC,0.6844626967830253,0.7061245722108145,0.44079397672826826,0.40528405201916495,0.3515728952772074,0.611088295687885,0.4991794661190965,0.3784804928131416,0.21683778234086243,0.04183682409308692,0.11793976728268309,0.338184128678987,0.091670893908282,0.09678302532511977,0.16924118822724163,0.12727207392197126,0.12727207392197126,0.12727207392197126,0.12727207392197126,0.12727207392197126,0.12727207392197126,0.12727207392197126,0.12727207392197126,0.12727207392197126,0.12727207392197126,0.12727207392197126,0.12727207392197126,0.12727207392197126,0.12727207392197126,0.12727207392197126,0.12727207392197126,0.12727207392197126,0.12727207392197126,0.12727207392197126,0.12727207392197126,0.12727207392197126,0.12727207392197126,0.12727207392197126,0.12727207392197126
68,TIMBERLAKES HOMEOWNERS ASSN,0.004723227926078029,0.00469678302532512,0.006718275154004107,0.009819507186858315,0.006331824777549623,0.007429596167008898,0.0081856810403833,0.008863682409308692,0.007478740588637919,0.008182162902121835,0.008182162902121835,0.005978699520876113,0.005393264887063655,0.006331663244353183,0.004878850102669405,0.004586310746064339,0.005635154004106776,0.005635154004106776,0.005635154004106776,0.005635154004106776,0.005635154004106776,0.005635154004106776,0.005635154004106776,0.005635154004106776,0.005635154004106776,0.005635154004106776,0.005635154004106776,0.005635154004106776,0.005635154004106776,0.005635154004106776,0.005635154004106776,0.005635154004106776,0.005635154004106776,0.005635154004106776,0.005635154004106776,0.005635154004106776,0.005635154004106776,0.005635154004106776,0.005635154004106776
69,TROY,0.6556386036960986,0.684193839835729,0.7247726214921286,0.7649555099247091,0.7777522245037645,0.7693360711841204,0.9418206707734429,0.9911019849418207,0.9527720739219712,0.9007529089664612,0.9034907597535935,0.8898015058179329,0.9034907597535934,0.944558521560575,1.067173169062286,1.1113429158110883,1.2176208076659822,1.3031348391512663,1.3886488706365503,1.4899794661190966,2.295073237508556,1.232411225188227,1.5811170431211499,1.7048948939082822,1.5504695414099932,1.5504695414099932,1.5504695414099932,1.2196221765913757,1.2183435975359342,1.3137125256673512,1.3179929363449692,1.3179929363449692,1.2153897330595482,1.3408643942505134,1.3935518138261465,1.3492136892539357,1.4079389459274467,1.0117103134839152,1.0117103134839152
70,U.S. STEEL - GRANITE CITY WORKS,4.591923340177961,6.8815879534565365,7.18631074606434,11.709787816563997,6.611909650924025,9.368925393566052,9.368925393566052,7.00643394934976,7.476522929500343,7.286516084873374,3.028062970568104,3.520191649555099,4.012320328542095,4.5044490075290895,4.996577686516085,5.830108145106092,5.677754962354552,5.552361396303901,5.453798767967146,4.720054757015743,4.020807665982204,4.20807665982204,3.730321697467488,1.5786447638603698,1.5622176591375772,1.6675509924709102,1.627652292950034,2.761779603011636,4.040977412731006,7.876747433264887,8.025974858316221,8.85995345653662,11.72878302532512,7.7696099329226564,3.293415479808351,0.5273100616016426,2.4607802874743325,4.883230663928815,4.883230663928815
71,VALMEYER,0.06703326488706365,0.03706475017111568,0.07244572210814511,0.0844041067761807,0.09952717316906229,0.10403832991101986,0.12800273785078714,0.12800273785078714,0.10951403148528405,0.10951403148528405,0.10951403148528405,0.11006160164271048,0.06420260095824777,0.06420260095824777,0.06420260095824777,0.06420260095824777,0.06420260095824777,0.06420260095824777,0.06420260095824777,0.06420260095824777,0.06420260095824777,0.06420260095824777,0.06420260095824777,0.06420260095824777,0.06420260095824777,0.06420260095824777,0.06420260095824777,0.06420260095824777,0.06420260095824777,0.06420260095824777,0.06420260095824777,0.06420260095824777,0.06420260095824777,0.06420260095824777,0.06420260095824777,0.06420260095824777,0.06420260095824777,0.06420260095824777,0.06420260095824777
72,VIRGIL GUMMERSHEIMER,,,,,,,,,,,,,,,,,,,,,,,,,,,,,,,,,,,0.012525667351129364,0.012525667351129364,0.012525667351129364,0.012525667351129364,0.012525667351129364
73,WITTENAUER FARMS,,,,,,,,,,,,,,,,,,,,,,,,,,,0.0012648870636550308,0.008673511293634497,0.010841889117043122,0.013010266940451745,0.013010266940451745,0.013010266940451745,0.013010266940451745,0.013010266940451745,0.013010266940451745,0.013010266940451745,0.013010266940451745,0.013010266940451745,0.013010266940451745
74,WOOD RIVER,1.311214236824093,1.261828884325804,1.2752717316906228,1.3146776180698152,1.3664339493497604,1.3689253935660506,1.4457056810403832,1.3689253935660506,1.3689253935660506,1.3689253935660506,1.4373716632443532,1.7111567419575633,2.0533880903490758,1.7111567419575633,1.5468856947296372,1.5879534565366187,1.2320328542094456,1.5058179329226558,1.7796030116358659,2.0533880903490758,1.0637180013689256,1.0951403148528405,1.092128678986995,1.1416837782340863,1.1373032169746748,1.0850814510609172,1.1231211498973306,1.0693497604380562,1.021264887063655,0.9221558247775495,1.0567227926078029,1.0870581793292264,1.294010020533881,1.4302477754962355,1.3908309377138943,1.4095414099931554,1.530798083504449,1.2895277207392197,1.2895277207392197
75,WOOD RIVER REFINERY,11.98357289527721,13.1088295687885,11.832991101984947,11.822039698836411,10.989733059548255,11.12388774811773,11.019849418206705,11.860369609856265,10.713210130047912,10.962354551676933,9.199178644763865,9.534565366187545,10.447638603696102,10.365503080082135,4.408276632443532,10.508679972621492,11.926078028747433,11.323750855578371,11.203285420944558,10.499657768651609,10.280629705681038,10.280629705681038,10.177292035592062,10.177292035592062,12.274792607802873,12.274792607802873,12.274792607802873,11.235351726214919,10.195910844626967,11.301976755646818,11.87492650239562,14.65795137029432,20.2653940698152,18.497606590006846,16.959156416153316,16.42896754004107,16.306926042436686,11.994641557837095,11.994641557837095
76,WORDEN,0.05696098562628337,0.046804106776180694,0.055488021902806293,0.057700205338809034,0.06974346338124572,0.06979876796714579,0.05772758384668036,0.06621492128678987,0.07001505817932922,0.07969883641341548,0.07994524298425736,0.08213552361396304,0.08213552361396304,0.06295687885010266,0.06570841889117043,0.06570841889117043,0.06225598904859685,0.06225598904859685,0.06225598904859685,0.06225598904859685,0.06225598904859685,0.06225598904859685,0.06225598904859685,0.06225598904859685,0.06225598904859685,0.06225598904859685,0.06225598904859685,0.06225598904859685,0.06225598904859685,0.06225598904859685,0.06225598904859685,0.06225598904859685,0.06225598904859685,0.06225598904859685,0.06225598904859685,0.06225598904859685,0.06225598904859685,0.06225598904859685,0.06225598904859685
