p_num,isws_facility_id,owner,fac_well_num,depth_total_last_known,lam_x,lam_y,1981,1982,1983,1984,1985,1986,1987,1988,1989,1990,1991,1992,1993,1994,1995,1996,1997,1998,1999,2000,2001,2002,2003,2004,2005,2006,2007,2008,2009,2010,2011,2012,2013,2014,2015,2016,2017,2018,2019
296811,11970015.0,GATEWAY NATIONAL GOLF LINKS,1.0,88.0,2816221,2054200,,,,,,,,,,,,,,,,,25000000.0,25000000.0,25000000.0,25000000.0,25000000.0,25000000.0,25000000.0,25000000.0,25000000.0,25000000.0,25000000.0,25000000.0,18000000.0,17000000.0,16000000.0,15000000.0,,,,,,,
314829,11938810.0,WOOD RIVER REFINERY,9.0,112.0,,,,,,,,,,,,,,,,,,,,,,,,,,,,,,,,,,485890338.0,548564677.0,458603066.0,442836144.0,441565340.0,427839757.0,655378329.0,882916901.0
314830,11938810.0,WOOD RIVER REFINERY,8.0,105.0,,,,,,,,,,,,,,,,,,,,,,,,,,,,,,,,,,545912086.0,602337600.0,809573974.0,707991447.0,719535877.0,697169879.0,697705815.0,698241751.0
314847,11938020.0,STEIN STEEL MILL SERVICES,1.0,90.0,2820652,2132962,,,,,,,,,,,,,,,,,,,,,,,,,,,,,,,1940000.0,2948000.0,2948000.0,2108000.0,2648000.0,3466000.0,3034000.0,2564000.0,2094000.0
323962,16339220.0,KETTLER CASTING CO INC,2.0,458.0,,,,,,,,,,,,,,,,,,,,,,,,,,,,,,,95760.0,,,,,,,,,,
348353,13370020.0,WITTENAUER FARMS,1.0,80.0,2768381,1888989,,,,,,,,,,,,,,,,,,,,,,,,,,,462000.0,3168000.0,39600.0,4752000.0,9504000.0,14256000.0,19008000.0,,,,,,
400115,11990250.0,EDWARDSVILLE,12.0,112.0,2847136,2102129,,,,,,,,,,,,,,,,,,180643110.0,170867113.0,220023461.0,231825957.0,239905736.0,181342933.0,190986435.0,214000000.0,272649555.0,217613726.0,198164351.0,255244737.0,250714110.0,251175856.0,202302375.5,153428895.0,104555414.5,,,,405462805.0,
400116,11990250.0,EDWARDSVILLE,13.0,112.0,2846693,2102146,,,,,,,,,,,,,,,,,,180643115.0,170867113.0,220023461.0,231825956.0,239905736.0,181342933.0,190986435.0,214000000.0,272649555.0,217613725.0,198164351.0,255244737.0,250714110.0,251175857.0,202302376.0,153428895.0,104555414.0,,,,405462805.0,
400117,11938050.0,CHEMETCO INC,5.0,84.0,,,,,,,,,,,,,,,,,,,,,,,,195000.0,195000.0,195000.0,195000.0,195000.0,195000.0,195000.0,195000.0,244550.0,213890.0,365000.0,516110.0,,,,,,
402804,11938015.0,SPENCER T. OLIN GOLF COURSE,1.0,115.0,       ,       ,,,,,,,,,28800000.0,77000000.0,51105000.0,63504000.0,6495000.0,90800000.0,75500000.0,75500000.0,350333333.3333333,625166666.6666666,900000000.0,800000000.0,409000000.0,18000000.0,20000000.0,20020000.0,25025000.0,30000000.0,35000000.0,14878094.0,14878094.0,14878094.0,14878094.0,,,,,,,,
402805,11938050.0,CHEMETCO INC,1.0,122.0,,,98581000.0,99994500.0,81229500.0,61326000.0,7416000.0,10192500.0,35230500.0,41359500.0,16929000.0,18486000.0,12046500.0,15309000.0,19836000.0,24363000.0,,,,,10037500.0,20075000.0,30112500.0,,,,,,,,,,,,,,,,,,
402806,11938050.0,CHEMETCO INC,2.0,122.0,,,126232000.0,187659000.0,81229500.0,52857000.0,19737000.0,21825000.0,29344500.0,17523000.0,18234000.0,22392000.0,26550000.0,,,,,,,,30112500.0,20075000.0,10037500.0,,,,,,,,,,,,,,,,,,
402808,11938050.0,CHEMETCO INC,4.0,100.0,,,,,,,,,,,,,14377500.0,21879000.0,26046000.0,30213000.0,,,,,,,,,,,,,,,,,,,,,,,,,
402810,11938080.0,AMERICAN CAN CO,3.0,65.0,,,3000000.0,,,,,,,,,,,,,,,,,,,,,,,,,,,,,,,,,,,,,,
402811,11938100.0,ALTON STEEL CO,1.0,92.0,,,,,,190000000.0,155520000.0,285000000.0,38880000.0,388800000.0,181400000.0,160600000.0,90720000.0,64360000.0,38000000.0,216000000.0,331000000.0,331000000.0,630720000.0,630720000.0,711648000.0,478800000.0,245952000.0,,,,,,,,,1621448.0,,,,,,,,,
402812,11938100.0,ALTON STEEL CO,2.0,91.0,,,,,,,38880000.0,46000000.0,38880000.0,90740000.0,142600000.0,124100000.0,71280000.0,61710000.0,52140000.0,42570000.0,33000000.0,33000000.0,500000.0,500000.0,500000.0,,,,,,,,,,,,,,,,,,,,
402813,11938100.0,ALTON STEEL CO,3.0,95.0,,,893520000.0,808000000.0,807000000.0,380000000.0,233280000.0,432000000.0,129600000.0,440640000.0,446800000.0,445300000.0,525600000.0,898800000.0,725000000.0,490000000.0,276000000.0,276000000.0,276000000.0,,,,,,,,,,,,,,,,,,,,,,
402816,11938170.0,SMURFIT STONE CONTAINER ENTERPRISES,10.0,103.0,,,,1500000.0,1500000.0,1500000.0,1440000.0,1440000.0,4000000.0,4320000.0,4640000.0,,,,,,,,,,,,,,,,,,,,,,,,,,,,,,
402817,11938170.0,SMURFIT STONE CONTAINER ENTERPRISES,15.0,110.0,,,,1500000.0,1500000.0,1500000.0,1440000.0,1440000.0,4000000.0,4320000.0,4640000.0,,,,,,,,,,,,,,,,,,,,,,,,,,,,,,
402818,11938170.0,SMURFIT STONE CONTAINER ENTERPRISES,16.0,111.0,,,,1500000.0,1500000.0,1500000.0,1440000.0,1440000.0,4000000.0,4320000.0,4640000.0,,,,,,,,,,,,,,,,,,,,,,,,,,,,,,
402821,11938170.0,SMURFIT STONE CONTAINER ENTERPRISES,20.0,110.0,,,,1500000.0,1500000.0,1500000.0,1440000.0,1440000.0,4000000.0,4320000.0,4640000.0,,,,,,,,,,,,,,,,,,,,,,,,,,,,,,
402822,11938170.0,SMURFIT STONE CONTAINER ENTERPRISES,22.0,110.0,,,603000000.0,232293800.0,232293800.0,232293800.0,218698600.0,218698600.0,200000000.0,200000000.0,202000000.0,204000000.0,204000000.0,204000000.0,,,,,,,,,,,,,,,,,,,,,,,,,,,
402823,11938170.0,SMURFIT STONE CONTAINER ENTERPRISES,23.0,120.0,,,603000000.0,929175200.0,929175200.0,929175200.0,874794400.0,874794400.0,875000000.0,873400000.0,844700000.0,816000000.0,816000000.0,816000000.0,,,,,,,,,,,,,,,,,,,,,,,,,,,
402824,11938240.0,DYNEGY MIDWEST GEN - WOOD RIVER STATION,1.0,,       ,       ,717450.0,,,,,,,,,,,,,,,,,,,,,,,,,,,,,,,,,,,,,,
402825,11938240.0,DYNEGY MIDWEST GEN - WOOD RIVER STATION,2.0,,       ,       ,717450.0,,,,,,,,,,,,,,,,,,,,,,,,,,,,,,,,,,,,,,
402827,11938335.0,SUNSET HILLS COUNTRY CLUB,1.0,91.0,2854450,2093457,,,,,59100.0,5112000.0,5112000.0,14004000.0,12042000.0,10080000.0,21600000.0,27648000.0,34560000.0,30240000.0,24480000.0,20736000.0,7488000.0,9852000.0,12216000.0,14580000.0,14000000.0,14580000.0,14580000.0,14580000.0,,,,43200000.0,17280000.0,17280000.0,43200000.0,43200000.0,43200000.0,,,,,,
402828,11938380.0,C M LOHR INC,1.0,65.0,       ,       ,60000.0,60000.0,60000.0,60000.0,120000.0,120000.0,60000.0,60000.0,60000.0,60000.0,60000.0,60000.0,60000.0,60000.0,60000.0,60000.0,60000.0,60000.0,60000.0,60000.0,60000.0,60000.0,324000.0,324000.0,325000.0,300000.0,300000.0,300000.0,300000.0,300000.0,300000.0,300000.0,300000.0,300000.0,,,,,
402832,11938430.0,AMERICAN COLLOID PROCESSING SA,1.0,30.0,,,120000.0,10000.0,78000.0,40000.0,15000.0,-10000.0,,,,,,,,,,,,,,,,,,,,,,,,,,,,,,,,,
402833,11938430.0,AMERICAN COLLOID PROCESSING SA,2.0,30.0,,,120000.0,10000.0,78000.0,40000.0,15000.0,-10000.0,,,,,,,,,,,,,,,,,,,,,,,,,,,,,,,,,
402835,11938480.0,CORN SWEETENERS INC,1.0,113.0,,,21944685.0,37038960.0,52133235.0,,,,,,,,,,,,,,,,,,,,,,,,,,,,,,,,,,,,
402836,11938480.0,CORN SWEETENERS INC,2.0,117.0,,,21944685.0,,,,,,,,,,,,,,,,,,,,,,,,,,,,,,,,,,,,,,
402838,11938490.0,U.S. STEEL - GRANITE CITY WORKS,1.0,101.0,,,10000000.0,,,,,,,,,,,,,,,,,,,,,,,,,,,,,,,,,,,,,,
402839,11938490.0,U.S. STEEL - GRANITE CITY WORKS,2.0,105.0,,,787950000.0,1282800000.0,1873812000.0,2147550000.0,1246000000.0,1567998000.0,1567998000.0,1745800000.0,955910000.0,1001400000.0,1046890000.0,,,,,,,,,,,,,,,,,,,,,,,,,,,,
402840,11938490.0,U.S. STEEL - GRANITE CITY WORKS,3.0,113.0,,,879250000.0,1230700000.0,750988000.0,2129450000.0,1169000000.0,1854002000.0,1854002000.0,813300000.0,1774890000.0,1660000000.0,1106000000.0,1285750000.0,1465500000.0,1645250000.0,1825000000.0,2129447000.0,2073800000.0,2028000000.0,1992000000.0,1724000000.0,1468600000.0,1537000000.0,1362500000.0,576600000.0,570600000.0,574300000.0,559500000.0,833740000.0,1466300000.0,2528500000.0,2639600000.0,2971800000.0,3921800000.0,2490800000.0,1136400000.0,188700000.0,898800000.0,1783600000.0,2668400000.0
402843,11938495.0,LEGACY GOLF COURSE,1.0,111.0,2833677,2075353,,,,,,,,,,,54000.0,54000.0,180000.0,180000.0,180000.0,180000.0,180000.0,180000.0,180000.0,180000.0,180000.0,180000.0,180000.0,180000.0,180000.0,180000.0,,,,,,,,,,,,,
402845,11938550.0,THE NESTLE CO INC,3.0,115.0,,,167500000.0,123518986.66666666,79537973.33333333,35556960.0,23871306.666666664,12185653.333333332,500000.0,450000.0,60000.0,530000.0,1000000.0,733200.0,195000.0,230000.0,200000.0,150000.0,100000.0,,,,,,,,,,,,,,,,,,,,,,
402846,11938550.0,THE NESTLE CO INC,4.0,115.0,,,82500000.0,128956000.0,100000000.0,82966240.0,85608000.0,160000000.0,174709600.0,126990000.0,50175000.0,60000.0,40327500.0,117712553.0,33287794.0,35120000.0,61615344.0,46336125.0,31056906.0,,,,,,,,,,,,,,,,,,,,,,
402847,11938550.0,THE NESTLE CO INC,5.0,115.0,,,,128956000.0,61000000.0,29506800.0,42804000.0,63200000.0,7115700.0,10800000.0,28965000.0,15220900.0,1750000.0,5076000.0,8402000.0,,,,,,,,,,,,,,,,,,,,,,,,,,
402848,11938560.0,PREMCOR REFINING GROUP,1.0,103.0,,,187000000.0,199728000.0,135079200.0,175024800.0,187100000.0,197650000.0,160308000.0,168192000.0,162936000.0,162790000.0,128000000.0,128000000.0,86400000.0,93600000.0,64800000.0,64800000.0,64800000.0,64800000.0,129600000.0,115200000.0,104220000.0,173700000.0,98550000.0,115632000.0,141269000.0,49595000.0,17367000.0,8221000.0,38714000.0,40738000.0,63242000.0,4278000.0,20625000.0,96000.0,1294000.0,2492000.0,2072333.3333333333,1652666.6666666665,1233000.0
402849,11938560.0,PREMCOR REFINING GROUP,2.0,112.0,,,,,115632000.0,249660000.0,334281600.0,316057000.0,177127200.0,194472000.0,194472000.0,194545000.0,157000000.0,157000000.0,277200000.0,428400000.0,421200000.0,421200000.0,421200000.0,453600000.0,453600000.0,440640000.0,474300000.0,418860000.0,32800000.0,115632000.0,141269000.0,224810000.0,274308000.0,271535000.0,248027000.0,248465000.0,83547000.0,54791000.0,99164000.0,152165000.0,133797000.0,115429000.0,91412333.33333333,67395666.66666666,43379000.0
402850,11938560.0,PREMCOR REFINING GROUP,3.0,104.0,,,200000000.0,168192000.0,175024800.0,224956800.0,199728000.0,212539950.0,139284000.0,136656000.0,134028000.0,131400000.0,,,,,,,,,,,,,,,,,,,,,,,,,,,,,
402852,11938560.0,PREMCOR REFINING GROUP,5.0,110.0,,,211000000.0,231264000.0,262800000.0,292000000.0,231264000.0,222650000.0,222854400.0,236520000.0,231264000.0,231410000.0,117000000.0,117000000.0,129600000.0,129600000.0,136800000.0,144000000.0,144000000.0,108000000.0,144000000.0,136800000.0,127080000.0,211800000.0,296520000.0,,,,,,,,113682000.0,233197000.0,186131000.0,147549000.0,131252500.0,114956000.0,99030000.0,83104000.0,67178000.0
402855,11938560.0,PREMCOR REFINING GROUP,6.0,113.33,,,243000000.0,199728000.0,241301500.0,282875000.0,273312000.0,278239500.0,283824000.0,252288000.0,241776000.0,241995000.0,219000000.0,219000000.0,150000000.0,216000000.0,194400000.0,172800000.0,172800000.0,259200000.0,172800000.0,155520000.0,121600000.0,182400000.0,134016333.33333334,85632666.66666667,37249000.0,26098000.0,20763000.0,9042000.0,3168000.0,26661000.0,22612000.0,16355000.0,93838611.0,91159619.0,92956809.5,94754000.0,94238200.0,93722400.0,93206600.0
402856,11938560.0,PREMCOR REFINING GROUP,7.0,103.0,,,,,,,,,,103367000.0,103368000.0,310260000.0,215000000.0,215000000.0,302400000.0,252000000.0,226800000.0,201600000.0,201600000.0,151200000.0,136080000.0,100800000.0,140410000.0,221700000.0,302990000.0,,,,,,,,,,,,,,,,
402857,11938560.0,PREMCOR REFINING GROUP,8.0,,,,,,,,,,,,,,274000000.0,274000000.0,302400000.0,86400000.0,-129600000.0,,,,,,,,,,,,,,,,,,,,,,,,
402858,11938790.0,BP PRODUCTS - NORTH AMERICAN,1.0,107.0,,,68900000.0,32990000.0,96185000.0,120888000.0,9200000.0,-102488000.0,,,,,,,,,,,,,,,,,,,,,,,,,,,,,,,,,
402859,11938790.0,BP PRODUCTS - NORTH AMERICAN,2.0,112.0,,,103350000.0,125280000.0,64123000.0,2966000.0,,,,,,,,,,,,,,,,,,,,,,,,,,,,,,,,,,,
402860,11938790.0,BP PRODUCTS - NORTH AMERICAN,3.0,101.0,,,68900000.0,80180000.0,35741000.0,-8698000.0,,,,,,,,,,,,,,,,,,,,,,,,,,,,,,,,,,,
402861,11938790.0,BP PRODUCTS - NORTH AMERICAN,4.0,102.0,,,68900000.0,17800000.0,5782000.0,-6236000.0,,,,,,,,,,,,,,,,,,,,,,,,,,,,,,,,,,,
402885,11938790.0,BP PRODUCTS - NORTH AMERICAN,42.0,113.0,,,34450000.0,167270000.0,214919000.0,299590000.0,268840000.0,187113600.0,105387200.0,,,,,,,,,,,,,,,,,,,,,,,,,,,,,,,,
402902,11938790.0,BP PRODUCTS - NORTH AMERICAN,57.0,120.0,,,,1290000.0,,,,,,,,,,,,,,,,,,,,,,,,,,,,,,,,,,,,,
402903,11938790.0,BP PRODUCTS - NORTH AMERICAN,58.0,121.0,,,,160880000.0,83570000.0,24480000.0,-34610000.0,,,,,,,,,,,,,,,,,,,,,,,,,,,,,26172000.0,56064960.0,78243840.0,122487840.0,51670617.0,-19146606.0
402904,11938790.0,BP PRODUCTS - NORTH AMERICAN,59.0,114.0,,,68900000.0,2340000.0,56239000.0,147170000.0,61626000.0,-23918000.0,,,,,,,,,,,,,,,,,,,,,,,,,,,,,,,,,
402906,11938790.0,BP PRODUCTS - NORTH AMERICAN,61.0,122.0,,,68900000.0,134090000.0,84096000.0,54720000.0,10818600.0,-33082800.0,,,,,,,,,,,,,,,,,,,,,,,,,,,,76723200.0,183257280.0,262293840.0,256628160.0,124139151.0,-8349858.0
402907,11938790.0,BP PRODUCTS - NORTH AMERICAN,62.0,104.0,,,68900000.0,129430000.0,43099000.0,38324900.0,33550800.0,247032000.0,269501000.0,207126500.0,209714000.0,218361813.33333334,227009626.6666667,235657440.0,237250000.0,237250000.0,185931000.0,140437000.0,226982880.0,216000000.0,179197000.0,171600000.0,158856000.0,123624000.0,228198000.0,141396000.0,141192000.0,225288000.0,178272000.0,152298000.0,156816000.0,161460000.0,115830000.0,112626000.0,61989120.0,993600.0,-60001920.0,,,,
402908,11938790.0,BP PRODUCTS - NORTH AMERICAN,63.0,105.0,,,,1260000.0,,,,,,,,,,,,,,,,,,,,,,,,,,,,,,,,,,,,,
402910,11938790.0,BP PRODUCTS - NORTH AMERICAN,64.0,120.0,,,68900000.0,218760000.0,302746000.0,394200000.0,412640000.0,284875200.0,251236000.0,207126500.0,276465000.0,254043440.0,231621880.0,209200320.0,237250000.0,237250000.0,181682400.0,129420000.0,216976320.0,210000000.0,166372000.0,131000000.0,150720000.0,161796000.0,143124000.0,233892000.0,128796000.0,103332000.0,177174000.0,146016000.0,197334000.0,189522000.0,144270000.0,133045200.0,154040400.0,23486400.0,41731200.0,43084800.0,73728000.0,55008000.0,36288000.0
402911,11938790.0,BP PRODUCTS - NORTH AMERICAN,65.0,119.0,,,34450000.0,78110000.0,247558000.0,262800000.0,317090000.0,207086400.0,269107000.0,207126500.0,226533000.0,235836560.0,245140120.0,254443680.0,237250000.0,237250000.0,188559000.0,140625000.0,192477600.0,216000000.0,171309000.0,154000000.0,154423200.0,168960000.0,187872000.0,119844000.0,149280000.0,94536000.0,177152400.0,155304000.0,185130000.0,184158000.0,159552000.0,103464000.0,93929760.0,129600.0,-93670560.0,,,,
402912,11938790.0,BP PRODUCTS - NORTH AMERICAN,66.0,124.0,,,34450000.0,124240000.0,103594000.0,241780000.0,189050000.0,107222400.0,150847000.0,207126500.0,160308000.0,182260800.0,204213600.0,226166400.0,237250000.0,237250000.0,180237000.0,127734000.0,214194240.0,72000000.0,72490000.0,72980000.0,153432000.0,191352000.0,153648000.0,213108000.0,178080000.0,64962000.0,131637600.0,172854000.0,171252000.0,152532000.0,128466000.0,103251600.0,69357600.0,13060800.0,-43236000.0,,,,
402913,11938790.0,BP PRODUCTS - NORTH AMERICAN,67.0,107.0,,,,,,,,,,,,,,,,237250000.0,,,,,,,,,,,,,,,,,,,,18444960.0,56064960.0,102067200.0,107642880.0,73871780.0,40100680.0
402914,11938792.0,KIENSTRA INC,1.0,91.0,,,,,,,,,,,,,850000.0,850000.0,850000.0,850000.0,,,,,,,,,,,90000.0,90000.0,90000.0,90000.0,,,,,,,,,,,
402915,11938792.0,KIENSTRA INC,2.0,79.0,,,,,,,,,,,,,375000.0,375000.0,375000.0,375000.0,,,,,,,,,,,,,,,,,,,,,,,,,
402916,11938810.0,WOOD RIVER REFINERY,1.0,118.0,,,790000000.0,1208000000.0,917000000.0,933000000.0,697000000.0,722000000.0,762000000.0,605000000.0,725000000.0,750000000.0,790000000.0,789000000.0,1156000000.0,738000000.0,1041213600.0,1041213600.0,999000000.0,831000000.0,643000000.0,788000000.0,700000000.0,700000000.0,16128000.0,16128000.0,16128000.0,,,,,,,,,,,,,,
402917,11938810.0,WOOD RIVER REFINERY,2.0,107.0,,,300000000.0,345000000.0,398000000.0,302000000.0,296000000.0,307000000.0,324000000.0,302000000.0,298000000.0,295000000.0,120000000.0,158000000.0,176000000.0,225000000.0,203091840.0,203091840.0,358000000.0,334000000.0,275000000.0,283000000.0,290000000.0,290000000.0,135855000.0,135855000.0,183960000.0,183960000.0,183960000.0,148920000.0,113880000.0,78840000.0,122185585.0,165531170.0,,,,,,,
402918,11938810.0,WOOD RIVER REFINERY,3.0,80.0,,,250000000.0,350000000.0,283000000.0,235000000.0,263000000.0,273000000.0,288000000.0,299000000.0,264000000.0,260000000.0,200000000.0,158000000.0,176000000.0,132000000.0,163146240.0,163146240.0,280000000.0,247000000.0,194000000.0,179463750.0,164927500.0,150391250.0,135855000.0,135855000.0,236520000.0,236520000.0,236520000.0,236520000.0,,,,,,,,,,,
402919,11938810.0,WOOD RIVER REFINERY,4.0,98.0,,,,,,,,,,,,,,,,,202671360.0,202671360.0,202671360.0,,,,,,135855000.0,135855000.0,135855000.0,,,,,,,,,,,,,,
402921,11938810.0,WOOD RIVER REFINERY,5.0,114.0,,,220000000.0,348000000.0,375000000.0,277000000.0,294000000.0,305000000.0,322000000.0,292000000.0,295000000.0,310000000.0,190000000.0,158000000.0,176000000.0,244000000.0,187805120.0,131610240.0,365000000.0,198000000.0,104000000.0,237000000.0,240000000.0,240000000.0,135855000.0,135855000.0,231264000.0,231264000.0,231264000.0,173448000.0,115632000.0,78840000.0,42048000.0,,,,,,,,
402922,11938810.0,WOOD RIVER REFINERY,6.0,105.0,,,345000000.0,183000000.0,283000000.0,255000000.0,271000000.0,281000000.0,296000000.0,293000000.0,272000000.0,310000000.0,200000000.0,158000000.0,86000000.0,263000000.0,239563360.0,216126720.0,131000000.0,230000000.0,104000000.0,325000000.0,325000000.0,325000000.0,135855000.0,135855000.0,236520000.0,236520000.0,236520000.0,236520000.0,,,,,,,,,,,
402923,11938810.0,WOOD RIVER REFINERY,7.0,99.0,,,400000000.0,259000000.0,384000000.0,280000000.0,327000000.0,339000000.0,357000000.0,341000000.0,326000000.0,303000000.0,200000000.0,158000000.0,176000000.0,276000000.0,292666666.6666667,309333333.3333334,326000000.0,345000000.0,203000000.0,259000000.0,260000000.0,260000000.0,135855000.0,135855000.0,249660000.0,249660000.0,249660000.0,182646000.0,115632000.0,131400000.0,168192000.0,225887317.0,167848338.0,402170223.0,259026237.0,258282911.0,250254465.0,169682054.0,89109643.0
402952,11938810.0,WOOD RIVER REFINERY,39.0,,,,80000000.0,86000000.0,100000000.0,78000000.0,78000000.0,77000000.0,80000000.0,92000000.0,99275000.0,106550000.0,113825000.0,121100000.0,127000000.0,55000000.0,52728800.0,50457600.0,120000000.0,130000000.0,27000000.0,95000000.0,100000000.0,100000000.0,115454000.0,115454000.0,131400000.0,131400000.0,131400000.0,131400000.0,,,,143821108.0,160813385.0,40610551.0,171117151.0,170626097.0,155403027.0,140179957.0,
402954,11938810.0,WOOD RIVER REFINERY,40.0,,,,100000000.0,100000000.0,56000000.0,63000000.0,49000000.0,48000000.0,44000000.0,58000000.0,46000000.0,50000000.0,30000000.0,67900000.0,32000000.0,62000000.0,80826880.0,99653760.0,106000000.0,109000000.0,103000000.0,149000000.0,140000000.0,140000000.0,57727000.0,57727000.0,105120000.0,105120000.0,105120000.0,105120000.0,,,,,,,,,,,
402955,11938810.0,WOOD RIVER REFINERY,41.0,,,,100000000.0,90000000.0,50000000.0,55000000.0,55000000.0,36000000.0,37000000.0,43000000.0,49000000.0,,,,,,,106801920.0,,,,,,,,,,,,,,,,,,,,,,,
402956,11938810.0,WOOD RIVER REFINERY,42.0,,,,100000000.0,103000000.0,50000000.0,55000000.0,37000000.0,36000000.0,20000000.0,44000000.0,34000000.0,40000000.0,40000000.0,57700000.0,67000000.0,68000000.0,75000000.0,82000000.0,89000000.0,155000000.0,58000000.0,72363500.0,86727000.0,101090500.0,115454000.0,115454000.0,131400000.0,131400000.0,131400000.0,138700000.0,146000000.0,170820000.0,152424000.0,12405711.0,101036492.0,57051536.0,58762758.0,56250362.0,59043703.0,174426454.0,289809205.0
402961,11938810.0,WOOD RIVER REFINERY,47.0,,,,125000000.0,110000000.0,78500000.0,47000000.0,38000000.0,37000000.0,54000000.0,45000000.0,35000000.0,50000000.0,120000000.0,96700000.0,23000000.0,74000000.0,75894400.0,77788800.0,69000000.0,108000000.0,45000000.0,136000000.0,140000000.0,140000000.0,115454000.0,115454000.0,131400000.0,131400000.0,131400000.0,131400000.0,,,,,,,,,,,
402971,11938810.0,WOOD RIVER REFINERY,57.0,,,,125000000.0,115000000.0,63000000.0,60000000.0,60000000.0,59000000.0,54000000.0,5000000.0,-44000000.0,,,,,,,,,,,,,,,,,,,,,,,,,,,,,,
402972,11938810.0,WOOD RIVER REFINERY,59.0,110.0,,,100000000.0,98000000.0,15000000.0,21000000.0,22000000.0,22000000.0,60000000.0,26000000.0,20000000.0,54000000.0,60000000.0,103300000.0,132000000.0,235000000.0,142248080.0,49496160.0,81000000.0,86000000.0,159000000.0,57000000.0,60000000.0,60000000.0,115454000.0,115454000.0,115454000.0,,,,,,,,,,,,,,
402973,11938810.0,WOOD RIVER REFINERY,60.0,118.0,,,100000000.0,95000000.0,23000000.0,21000000.0,55000000.0,54000000.0,65000000.0,65000000.0,51000000.0,60000000.0,80000000.0,122700000.0,132000000.0,112000000.0,94053440.0,76106880.0,97000000.0,89000000.0,249000000.0,24000000.0,25000000.0,25000000.0,57727000.0,57727000.0,57727000.0,,,,,,,,,,,,,,
402975,11938810.0,WOOD RIVER REFINERY,62.0,,,,150000000.0,121000000.0,75000000.0,82000000.0,78000000.0,40000000.0,36000000.0,88000000.0,38000000.0,55000000.0,110000000.0,60400000.0,126000000.0,64000000.0,65638400.0,67276800.0,83000000.0,70000000.0,33000000.0,-4000000.0,,,,,,,,,,,,,,,,,,,
402977,11938810.0,WOOD RIVER REFINERY,64.0,,,,160000000.0,169000000.0,160000000.0,176000000.0,123000000.0,158000000.0,50000000.0,189000000.0,149000000.0,150000000.0,100000000.0,30800000.0,5000000.0,19000000.0,33677600.0,48355200.0,4000000.0,-40355200.0,,,,,,,,,,,,,,,,,,,,,
402978,11938810.0,WOOD RIVER REFINERY,65.0,,,,80000000.0,60000000.0,170000000.0,171000000.0,109000000.0,107000000.0,20000000.0,-67000000.0,,,,,,,,,,,,,,,,,,,,,,,,,,,,,,,
402979,11938810.0,WOOD RIVER REFINERY,66.0,,,,150000000.0,204000000.0,71000000.0,63000000.0,48000000.0,66000000.0,117000000.0,79000000.0,62000000.0,70000000.0,120000000.0,117700000.0,43000000.0,93000000.0,89258240.0,85516480.0,83000000.0,79000000.0,54000000.0,120000000.0,120000000.0,120000000.0,120000000.0,,,,,,,,,,,,,,,,
402980,11938810.0,WOOD RIVER REFINERY,67.0,,,,180000000.0,211000000.0,170000000.0,218000000.0,189000000.0,184000000.0,168000000.0,220000000.0,165400000.0,110800000.0,56200000.0,1600000.0,126000000.0,107000000.0,97860640.0,88721280.0,133000000.0,123000000.0,183000000.0,149000000.0,150000000.0,150000000.0,150000000.0,,,,,,,,,,,,,,,,
402981,11938810.0,WOOD RIVER REFINERY,68.0,128.0,,,115000000.0,130000000.0,132000000.0,180000000.0,151000000.0,149000000.0,136000000.0,178000000.0,35000000.0,55000000.0,110000000.0,97300000.0,131000000.0,172000000.0,157061120.0,142122240.0,150000000.0,76000000.0,259000000.0,117000000.0,120000000.0,120000000.0,115454000.0,115454000.0,236520000.0,236520000.0,236520000.0,232271960.0,228023920.0,262800000.0,220752000.0,226627200.0,122687169.0,102053788.0,110003883.0,107494441.0,104153092.0,70235719.0,36318346.0
402982,11938810.0,WOOD RIVER REFINERY,69.0,139.0,,,160000000.0,108000000.0,84000000.0,85000000.0,71000000.0,70000000.0,64000000.0,84000000.0,140000000.0,89000000.0,20000000.0,19800000.0,9000000.0,69000000.0,94418400.0,119836800.0,50000000.0,113000000.0,288000000.0,166000000.0,160000000.0,160000000.0,115454000.0,115454000.0,157680000.0,157680000.0,157680000.0,115340000.0,73000000.0,105120000.0,68328000.0,201592800.0,204579692.0,185222249.0,56341289.0,29775191.0,57699323.0,132954820.0,208210317.0
402983,11938810.0,WOOD RIVER REFINERY,70.0,137.0,,,137000000.0,145000000.0,160000000.0,243000000.0,275000000.0,271000000.0,247000000.0,300000000.0,247000000.0,114000000.0,110000000.0,113400000.0,33000000.0,48000000.0,62894400.0,77788800.0,85000000.0,56000000.0,115000000.0,46000000.0,50000000.0,50000000.0,57727000.0,57727000.0,57727000.0,,,,86000000.0,157680000.0,152424000.0,161253969.0,87330462.0,117876080.0,206170799.0,209532597.0,203019502.0,201478834.0,199938166.0
402984,11938810.0,WOOD RIVER REFINERY,71.0,135.0,,,110000000.0,150000000.0,67000000.0,66000000.0,55000000.0,54000000.0,49000000.0,65000000.0,250000000.0,149000000.0,120000000.0,122100000.0,132000000.0,122000000.0,105570880.0,89141760.0,106000000.0,97000000.0,80000000.0,119000000.0,120000000.0,120000000.0,57727000.0,57727000.0,78840000.0,78840000.0,78840000.0,67170000.0,55500000.0,46729969.333333336,37959938.66666667,29189908.0,20419877.33333333,,,,,,
402985,11938810.0,WOOD RIVER REFINERY,72.0,,,,,,115000000.0,106000000.0,118000000.0,117000000.0,126000000.0,139000000.0,110000000.0,181000000.0,120000000.0,110300000.0,30000000.0,20000000.0,57724480.0,95448960.0,113000000.0,68000000.0,97000000.0,32000000.0,30000000.0,30000000.0,115454000.0,115454000.0,115454000.0,,,,71000000.0,62244756.0,39420000.0,115269729.0,117208800.0,136923686.0,133047754.0,126563314.0,136254700.0,101865049.0,67475398.0
402986,11938810.0,WOOD RIVER REFINERY,73.0,,,,,,110000000.0,143000000.0,137000000.0,134000000.0,123000000.0,161000000.0,121000000.0,132000000.0,110000000.0,117400000.0,67000000.0,79000000.0,102151520.0,125303040.0,148000000.0,91000000.0,99000000.0,103113500.0,107227000.0,111340500.0,115454000.0,115454000.0,204984000.0,204984000.0,204984000.0,163593000.0,122202000.0,80811000.0,39420000.0,41155659.666666664,42891319.33333333,44626979.0,46362638.66666667,,,,
402988,11938810.0,WOOD RIVER REFINERY,74.0,,,,,,11000000.0,103000000.0,118000000.0,117000000.0,126000000.0,139000000.0,110000000.0,187000000.0,30000000.0,43800000.0,118000000.0,53000000.0,68758240.0,84516480.0,89000000.0,95000000.0,77000000.0,72181750.0,67363500.0,62545250.0,57727000.0,57727000.0,57727000.0,,,,,,,,,,,,,,
402989,11938810.0,WOOD RIVER REFINERY,75.0,,,,,,,,,,,98000000.0,135000000.0,160000000.0,140000000.0,115700000.0,129000000.0,157000000.0,150838400.0,144676800.0,125838400.0,107000000.0,142000000.0,53000000.0,50000000.0,50000000.0,115454000.0,115454000.0,157680000.0,157680000.0,157680000.0,173840000.0,190000000.0,131400000.0,105120000.0,45609231.0,-13901538.0,,,,,,
402990,11938810.0,WOOD RIVER REFINERY,76.0,,,,,,,,,,,82000000.0,150000000.0,160000000.0,90000000.0,114700000.0,121000000.0,95000000.0,96696160.0,98392320.0,75000000.0,109000000.0,165000000.0,133000000.0,130000000.0,130000000.0,115454000.0,115454000.0,236520000.0,236520000.0,236520000.0,256260000.0,276000000.0,105120000.0,143877161.0,110283120.0,149462446.0,127105751.0,113294597.0,85856802.0,61296447.0,29145498.0,-3005451.0
402991,11938810.0,WOOD RIVER REFINERY,77.0,,,,,,,,,,,,,10000000.0,30000000.0,65600000.0,63000000.0,50000000.0,38615200.0,27230400.0,52922800.0,78615200.0,104307600.0,130000000.0,130000000.0,130000000.0,115454000.0,115454000.0,65700000.0,65700000.0,65700000.0,62835098.0,59970196.0,65700000.0,52560000.0,60143372.0,45636231.0,27253040.5,8869850.0,58594127.0,56772791.0,55816465.0,54860139.0
402992,11938810.0,WOOD RIVER REFINERY,78.0,,,,,,,,,,,,,10000000.0,30000000.0,18700000.0,63000000.0,57000000.0,48000000.0,39000000.0,30000000.0,55000000.0,72000000.0,83000000.0,80000000.0,80000000.0,57727000.0,57727000.0,65700000.0,65700000.0,65700000.0,62850000.0,60000000.0,39420000.0,52560000.0,65880000.0,66963462.0,56473414.0,40127203.0,54375350.0,26342575.0,43722898.0,61103221.0
402993,11939075.0,UPCHURCH OIL READY MIX CO,1.0,,,,,,,,300000.0,300000.0,300000.0,300000.0,,,,,,,,,,,,,,,,,,,,,,,,,,,,,,,
402994,11939415.0,FAIRMOUNT PARK,1.0,101.0,,,,,,,,,,3200000.0,4392000.0,4032000.0,2280000.0,1529000.0,1034250.0,1034250.0,4788000.0,4788000.0,4788000.0,5852000.0,6916000.0,7980000.0,9400000.0,4788000.0,4788000.0,7980000.0,7980000.0,6390000.0,4800000.0,2400000.0,56000.0,2772000.0,3717000.0,3843000.0,3780000.0,3213000.0,3276000.0,2646000.0,2583000.0,2268000.0,1953000.0
402995,11939895.0,BERGMANN TAYLOR SEEDS INC,1.0,250.0,,,,,,,,,,,,,,,,,,,,,1200000.0,1200000.0,1200000.0,1200000.0,1200000.0,1200000.0,1200000.0,1000000.0,800000.0,,,,,,,,,,,,
403001,11969520.0,HORSESHOE LAKE STATE PARK,1.0,77.0,,,,,,5000.0,5000.0,90000.0,10000.0,14125.0,18250.0,18250.0,18250.0,18250.0,12000.0,12000.0,12000.0,,,,,,,,,,,,,,,,,,,,,,,,
403002,11969520.0,HORSESHOE LAKE STATE PARK,2.0,80.0,,,,,,4000.0,4000.0,40000.0,30666.666666666664,21333.333333333332,12000.0,12000.0,12000.0,12000.0,12000.0,12000.0,12000.0,,,,,,,,,,,,,,,,,,,,,,,,
403003,11969520.0,HORSESHOE LAKE STATE PARK,3.0,85.0,,,,,,1000.0,1000.0,4800.0,5000.0,7000.0,9000.0,9000.0,18250.0,9000.0,-250.0,,,,,,,,,,,,,,,,,,,,,,,,,,
403018,11995165.0,COTTONWOOD MHP,1.0,,2922063,2075078,620500.0,620500.0,620500.0,620500.0,620500.0,500000.0,565000.0,630000.0,,,,,,,,,,,,,,,,,,,,,,,,,,,,,,,
403158,13339452.0,RIVER LAKES GOLF COURSE,1.0,80.0,2788622,1983240,,,,,,,,,,,7500000.0,9000000.0,1466316.0,1466316.0,30644210.666666668,59822105.333333336,89000000.0,60266666.66666667,31533333.333333336,2800000.0,2466666.6666666665,2133333.333333333,1800000.0,8000000.0,6000000.0,6000000.0,5100000.0,4200000.0,4200000.0,4200000.0,4200000.0,4200000.0,4200000.0,1920000.0,1920000.0,1920000.0,,,
403160,13339770.0,COLUMBIA QUARRY,1.0,616.0,,,220000.0,220000.0,220000.0,220000.0,220000.0,220000.0,220000.0,220000.0,220000.0,220000.0,220000.0,220000.0,220000.0,220000.0,220000.0,220000.0,184500.0,149000.0,113500.0,78000.0,119000.0,60000.0,60000.0,50000.0,20000.0,30000.0,30000.0,30000.0,30000.0,30000.0,30000.0,50000.0,50000.0,50000.0,50000.0,50000.0,52000.0,54000.0,
403549,16338700.0,ST. LOUIS NATL STOCKYARDS CO,2.0,112.0,,,219000000.0,68160000.0,71580000.0,75000000.0,20000000.0,42420000.0,64840000.0,,,,,,,,,,,,,,,,,,,,,,,,,,,,,,,,
403550,16338700.0,ST. LOUIS NATL STOCKYARDS CO,4.0,112.0,,,109500000.0,276839750.0,178919875.0,81000000.0,20000000.0,42420000.0,64840000.0,,,,,,,,,,,,,,,,,,,,,,,,,,,,,,,,
403551,16338700.0,ST. LOUIS NATL STOCKYARDS CO,5.0,112.0,,,36500000.0,8640000.0,12426666.666666666,16213333.333333332,20000000.0,51520065.0,83040130.0,65385510.0,64074733.0,62853000.0,61205000.0,61205000.0,47369000.0,42994000.0,42009000.0,43050000.0,169000.0,-42712000.0,,,,,,,,,,,,,,,,,,,,,
403552,16338700.0,ST. LOUIS NATL STOCKYARDS CO,6.0,108.0,,,,6090000.0,120000000.0,70000000.0,20000000.0,65000100.0,110000200.0,32692755.0,32037367.0,30897250.0,30145250.0,30145250.0,23330400.0,21175800.0,20691000.0,20680000.0,82000.0,-20516000.0,,,,,,,,,,,,,,,,,,,,,
403554,16338700.0,ST. LOUIS NATL STOCKYARDS CO,7.0,108.0,,,,,120000000.0,70000000.0,20000000.0,-30000000.0,,,,,,,,,,,,,,,,,,,,,,,,,,,,,,,,,
403558,16338840.0,GENERAL CHEMICAL CORPORATION,1.0,80.0,,,32400000.0,31200000.0,8800000.0,7668000.0,2034000.0,994680.0,1931400.0,32400000.0,62868600.0,,,,,,,,,,,,,,,,,,,,,,,,,,,,,,
403559,16338862.0,CARGILL SALT COMPANY,1.0,103.0,,,,,,,,,,,,13000.0,13000.0,13000.0,13000.0,,,,,,,,,,,,,,,,,,,,,,,,,,
403562,16338880.0,ROCKWOOD PIGMENTS,10.0,65.0,,,66887680.0,,,,,,,,,,,,,,,,,,,,,,,,,,,,,,,,,,,,,,
403563,16338880.0,ROCKWOOD PIGMENTS,12.0,70.0,,,100331530.0,116109307.0,104000000.0,197100000.0,6000000.0,5000000.0,70000000.0,47960000.0,25920000.0,28950000.0,28950000.0,19340000.0,19340000.0,19340000.0,19340000.0,19340000.0,19340000.0,139696000.0,134415000.0,282299760.0,260866506.66666666,239433253.3333333,218000000.0,218000000.0,218000000.0,218000000.0,,,,,,,,,,,,,
403565,16338880.0,ROCKWOOD PIGMENTS,14.0,130.0,,,167219220.0,185774892.0,310000000.0,473040000.0,280250000.0,455000000.0,220000000.0,142400000.0,64800000.0,48300000.0,48300000.0,25720000.0,25720000.0,25720000.0,25720000.0,25720000.0,25720000.0,25720000.0,,,,,,,,,,,,,,,,,,,,,
403566,16338880.0,ROCKWOOD PIGMENTS,15.0,116.5,,,,,98000000.0,89352000.0,480250000.0,455000000.0,720000000.0,750000000.0,893500000.0,695244000.0,695244000.0,481963000.0,481963000.0,481963000.0,481963000.0,481963000.0,481963000.0,6494000.0,-468975000.0,,,,43200000.0,43200000.0,43200000.0,43200000.0,,,,,,,,,,,,,
403567,16338890.0,SOLVAY FLUORIDES INC,12.0,20.0,,,9000000.0,11752900.0,7711983.0,4503546.0,5123771.0,6450000.0,3500000.0,1000000.0,-1500000.0,,,,,,,,,,,,,,,,,,,,,,,,,,,,,,
403568,16338900.0,CIRCLE PACKING CORP,1.0,,,,330000.0,,,,,,,,,,,,,,,,,,,,,,,,,,,,,,,,,,,,,,
403571,16338915.0,MOBIL OIL CORP - SAUGET TERMINAL,1.0,96.0,,,,,,3000.0,3000.0,10000.0,3000.0,2400000.0,10000.0,10000.0,350000.0,350000.0,350000.0,350000.0,,,,,,,,,,,,,,,,,,,,,,,,,
403572,16338920.0,PERFORMANCE PRODUCTS INC,1.0,120.0,,,19440000.0,19440000.0,19440000.0,28472000.0,29106450.0,28472000.0,27837550.0,,,,,,,,,,,,,,,,,,,,,,,,,,,,,,,,
403573,16338920.0,PERFORMANCE PRODUCTS INC,8.0,106.0,,,3240000.0,3240000.0,3240000.0,87953800.0,87953800.0,87953800.0,87953800.0,,,,,,,,,,,,,,,,,,,,,,,,,,,,,,,,
403574,16338920.0,PERFORMANCE PRODUCTS INC,9.0,127.0,,,3600000.0,3600000.0,3600000.0,3600000.0,,,,,,,,,,,,,,,,,,,,,,,,,,,,,,,,,,,
403602,16338950.0,MIDWEST RUBBER RECLAIMING,10.0,115.0,,,104500000.0,105000000.0,117000000.0,120000000.0,75000000.0,30000000.0,77760000.0,31100000.0,16366000.0,1632000.0,-13102000.0,,,,,,,,,,,,,,,,,,,,,,,,,,,,
403603,16338950.0,MIDWEST RUBBER RECLAIMING,11.0,115.0,,,11500000.0,28000000.0,50000000.0,106000000.0,880400000.0,60000000.0,38880000.0,13682012.0,2933480.0,2278608.0,1623736.0,,,,,,,,,,,,,,,,,,,,,,,,,,,,
403604,16338970.0,STERLING STEEL CASTING CO,1.0,100.0,,,7800000.0,,,,,,,,,,,,,,,,,,,,,,,,,,,,,,,,,,,,,,
403609,16339080.0,IDOT DIST 8 - EAST ST LOUIS DEWATERING,111.0,,,,,1051200000.0,1314000000.0,1314000000.0,1314000000.0,1314000000.0,1314000000.0,1577000000.0,1314000000.0,1577000000.0,1577000000.0,1577000000.0,2575440000.0,2522880000.0,2522880000.0,2207520000.0,1769064000.0,1695055500.0,1621047000.0,1473030000.0,1556281800.0,1556281800.0,1556281800.0,1556281800.0,1556281800.0,1556281800.0,1639533600.0,1639533600.0,1576800000.0,1576800000.0,1575000000.0,1575000000.0,1575000000.0,1575000000.0,1575000000.0,5184000.0,5184000.0,5184000.0,5184000.0
403610,16339080.0,IDOT DIST 8 - EAST ST LOUIS DEWATERING,222.0,,,,,1314000000.0,526000000.0,526000000.0,526000000.0,526000000.0,526000000.0,526000000.0,526000000.0,526000000.0,520000000.0,520000000.0,473040000.0,946080000.0,946080000.0,946080000.0,687888000.0,692946000.0,698004000.0,708120000.0,491090400.0,491090400.0,491090400.0,491090400.0,491090400.0,491090400.0,274060800.0,274060800.0,525600000.0,525600000.0,526000000.0,526000000.0,525000000.0,525000000.0,525000000.0,2592000.0,2592000.0,2592000.0,2592000.0
403611,16339080.0,IDOT DIST 8 - EAST ST LOUIS DEWATERING,333.0,,,,,1051200000.0,1051000000.0,1051000000.0,1051000000.0,1051000000.0,1051000000.0,1051000000.0,1051000000.0,1051000000.0,1051000000.0,1051000000.0,1721340000.0,1892160000.0,1892160000.0,1671408000.0,1757196000.0,1554349500.0,1351503000.0,945810000.0,1039746600.0,1039746600.0,1039746600.0,1039746600.0,1039746600.0,1039746600.0,1133683200.0,1133683200.0,1156320000.0,1156320000.0,1155000000.0,1155000000.0,1155000000.0,1155000000.0,1155000000.0,5184000.0,5184000.0,5184000.0,5184000.0
403612,16339080.0,IDOT DIST 8 - EAST ST LOUIS DEWATERING,444.0,,,,,,706000000.0,1051000000.0,1051000000.0,1051000000.0,1051000000.0,1314000000.0,788000000.0,946000000.0,946000000.0,946000000.0,1576800000.0,2049840000.0,2049840000.0,788400000.0,1050372000.0,907074000.0,763776000.0,477180000.0,448253800.0,448253800.0,448253800.0,448253800.0,448253800.0,448253800.0,419327600.0,419327600.0,1051200000.0,1051200000.0,1051200000.0,1051200000.0,1051200000.0,1051200000.0,1051200000.0,2592000.0,2592000.0,2592000.0,2592000.0
403613,16339220.0,KETTLER CASTING CO INC,1.0,28.0,,,256250.0,128125.0,220000.0,220000.0,265000.0,240000.0,400000.0,400000.0,400000.0,400000.0,400000.0,400000.0,400000.0,400000.0,400000.0,500000.0,500000.0,500000.0,500000.0,500000.0,500000.0,500000.0,500000.0,500000.0,500000.0,500000.0,500000.0,500000.0,95760.0,-308480.0,,,,,,,,,
403614,16339365.0,STONEWOLF GOLF COURSE,1.0,96.0,2850451,2045189,,,,,,,,,,,,,,,,,,,,,262800000.0,262800000.0,262800000.0,262800000.0,,,,,,,,,,13200000.0,15500000.0,16000000.0,15000000.0,16000000.0,17000000.0
403617,16346275.0,"EAGLE MARINE INDUSTRIES, INC",1.0,112.0,       ,       ,,,,,,,,,10000.0,22500.0,35000.0,20000.0,36500.0,53000.0,,,,,,,,,,,,,,,,,,,,,,,,,
403621,16361300.0,BALDWIN LAKE F & W AREA,1.0,40.0,,,,,,89000.0,89000.0,89000.0,89000.0,89000.0,89000.0,89000.0,89000.0,89000.0,89000.0,89000.0,89000.0,89000.0,89000.0,89000.0,89000.0,89000.0,89000.0,89000.0,89000.0,89000.0,18250.0,182500.0,3650.0,-175200.0,,,,,,,,,,,
403622,16361300.0,BALDWIN LAKE F & W AREA,2.0,,,,,,,71200.0,71200.0,71200.0,71200.0,71200.0,71200.0,71200.0,71200.0,71200.0,71200.0,71200.0,71200.0,71200.0,71200.0,71200.0,71200.0,71200.0,71200.0,71200.0,71200.0,71200.0,7300.0,54750.0,10800.0,-33150.0,,,,,,,,,,,
403623,16361300.0,BALDWIN LAKE F & W AREA,3.0,45.0,,,,,,21360.0,21360.0,21360.0,21360.0,21360.0,21360.0,21360.0,21360.0,21360.0,21360.0,21360.0,21360.0,21360.0,21360.0,21360.0,21360.0,21360.0,21360.0,21360.0,21360.0,21360.0,1825.0,18250.0,2000.0,-14250.0,,,,,,,,,,,
403626,16395125.0,COZY ACRES MHP,1.0,350.0,2844581,1971419,1569500.0,906000.0,38000.0,-830000.0,,,,,,,,,,,,,,,,,,,,,,,,,,,,,,,,,,,
404521,11938810.0,WOOD RIVER REFINERY,79.0,,,,,,,,,,,,,,30000000.0,63700000.0,41000000.0,41000000.0,46990240.0,52980480.0,67000000.0,33000000.0,105000000.0,128000000.0,130000000.0,130000000.0,57727000.0,57727000.0,65700000.0,65700000.0,65700000.0,62850000.0,60000000.0,65700000.0,52560000.0,65880000.0,63173077.0,40245421.0,51090337.0,47055243.5,43020150.0,23256860.0,3493570.0
404522,11938810.0,WOOD RIVER REFINERY,80.0,,,,,,,,,,,,,,30000000.0,55500000.0,57000000.0,31000000.0,35804000.0,40608000.0,53000000.0,43000000.0,77000000.0,134000000.0,130000000.0,130000000.0,57727000.0,57727000.0,65700000.0,65700000.0,65700000.0,62850000.0,60000000.0,65700000.0,52560000.0,65880000.0,66963462.0,40610551.0,69663804.0,1443759.0,16786579.0,28838507.0,40890435.0
404523,11938810.0,WOOD RIVER REFINERY,81.0,,,,,,,,,,,,,,30000000.0,65600000.0,63000000.0,25000000.0,28607200.0,32214400.0,66000000.0,59000000.0,82000000.0,72000000.0,75000000.0,75000000.0,57727000.0,57727000.0,65700000.0,65700000.0,65700000.0,62850000.0,60000000.0,65700000.0,52560000.0,69569280.0,66710769.0,88604839.0,78977147.0,78750506.0,76302632.0,46495116.0,16687600.0
404588,13390020.0,FOUNTAIN WATER DISTRICT,1.0,,2767975,1924025,,,,,,,,,,,,,,1917000.0,9947822.0,9947822.0,17603550.0,37851600.0,22273050.0,25542700.0,30860000.0,33975850.0,480400.0,77163762.0,98016600.0,53081125.0,56140500.0,58423000.0,56064849.0,58980300.0,62788850.0,65533850.0,62243750.0,58953650.0,,,,74131029.0,
404589,13390020.0,FOUNTAIN WATER DISTRICT,2.0,,2768146,1923301,,,,,,,,,,,,,,1917000.0,9947822.0,9947822.0,17603550.0,19938300.0,22273050.0,25542700.0,30860000.0,33975850.0,70000000.0,64360375.0,58720750.0,53081125.0,56140500.0,58423000.0,56064849.0,58980300.0,62788850.0,65533850.0,62243750.0,58953650.0,,,,56590721.0,
404671,16338935.0,TWI (TRADE WASTE INCINERATION INC),2.0,89.0,,,,,,,,,,,,,,7000000.0,,,,,,,,,,,,,,,,,,,,,,,,,,,
404725,16338870.0,CERRO COPPER PRODUCTS,6.0,111.0,,,601670470.0,120000000.0,90000000.0,700000.0,313000.0,-74000.0,,,,,,,,,,,,,,,,,,,,,,,,,,,,,,,,,
404869,16339080.0,IDOT DIST 8 - EAST ST LOUIS DEWATERING,555.0,,,,,,,,,,,,,,,,2049840000.0,2168100000.0,2168100000.0,2207520000.0,1944720000.0,1847340000.0,1749960000.0,1555200000.0,1597276800.0,1597276800.0,1597276800.0,1597276800.0,1597276800.0,1597276800.0,1639353600.0,1639353600.0,2181240000.0,2181240000.0,2182000000.0,2000000000.0,2000000000.0,2000000000.0,2000000000.0,4176000.0,7200000.0,7200000.0,7200000.0
404940,11938333.0,SUGARLOAF LANDSCAPE NURSERY,1.0,109.0,,,,,,,,,,,,,,,,,3600000.0,3600000.0,3600000.0,,,,11900000.0,11900000.0,11900000.0,11900000.0,11900000.0,11900000.0,11900000.0,11900000.0,11900000.0,11900000.0,11900000.0,11900000.0,11900000.0,11900000.0,11900000.0,,,,
405024,11990050.0,ALHAMBRA,4.0,95.0,2922740,2143520,,,,,,,,,,,,,,,14000000.0,15118000.0,14750000.0,10581000.0,6412000.0,9194000.0,10857000.0,8038000.0,8800000.0,9160000.0,9455000.0,9141000.0,10138000.0,10227000.0,9104000.0,8809500.0,8515000.0,8634000.0,7925000.0,9980000.0,13479000.0,14262000.0,14219000.0,14176000.0,14440000.0
405087,11938490.0,U.S. STEEL - GRANITE CITY WORKS,4.0,80.0,,,,,,,,,,,,,,,,,,,,,,,,,,,,,,,,,,,,,4.0,,,,
405132,13339798.0,THE RIDGE GOLF & COUNTRY CLUB,2.0,67.0,2819275,1940498,,,,,,,,,,,,,,,,,,10000.0,,,,,,,,,,,,,,,,,,,,,
405137,16339135.0,ORCHARDS GOLF CLUB,1.0,563.0,2881011,1991577,,,,,,,,,,,,,,,1500000.0,1080000.0,907200.0,811800.0,716400.0,621000.0,525600.0,525600.0,525600.0,525600.0,,,,,,,,,,,,,,,
405171,16391200.0,ST LIBORY,2.0,65.0,,,,,,,,,,,,,,,,,,,,14600000.0,14600000.0,10337500.0,16425000.0,14600000.0,18250000.0,19447200.0,15889000.0,15889000.0,9112000.0,9112000.0,8937500.0,8937500.0,8937500.0,,,,,,,,
405321,16339707.0,LOCUST HILLS GOLF CLUB,1.0,,2907162,2035122,,,,,,,,,,,,,,,216000.0,216000.0,432000.0,648000.0,864000.0,842666.6666666666,821333.3333333333,800000.0,722333.3333333334,644666.6666666667,567000.0,900000.0,9000.0,-882000.0,,,,,,,,,,,
405322,16339707.0,LOCUST HILLS GOLF CLUB,2.0,88.0,2907170,2031222,,,,,,,,,,,,,,,3456000.0,3456000.0,9000000.0,9000000.0,10000000.0,6792000.0,14260000.0,12000000.0,9545000.0,9660000.0,11960000.0,12300000.0,15000000.0,7015000.0,5635000.0,5635000.0,5635000.0,5635000.0,,,,,,,
405339,11939895.0,BERGMANN TAYLOR SEEDS INC,2.0,202.0,,,,,,,,,,,,,,,,,,,,,2300000.0,2300000.0,2300000.0,2300000.0,2300000.0,2300000.0,2300000.0,2000000.0,1700000.0,,,,,,,,,,,,
405340,11939895.0,BERGMANN TAYLOR SEEDS INC,3.0,122.0,,,,,,,,,,,,,,,,,,,,,700000.0,700000.0,700000.0,700000.0,700000.0,700000.0,700000.0,700000.0,700000.0,,,,,,,,,,,,
405352,13339450.0,COLUMBIA QUARRY CO DUPO #9,1.0,76.0,,,,,,,,,,,,,,,,,,,84000.0,92000.0,1300000.0,2800000.0,4300000.0,2700000.0,3382000.0,2611000.0,2577100.0,3000000.0,3000000.0,3000000.0,3000000.0,3500000.0,3500000.0,3500000.0,3000000.0,3100000.0,3200000.0,3100000.0,50000.0,-3000000.0,
405495,11990250.0,EDWARDSVILLE,10.0,115.0,2847006,2102174,,,,,,,,,,,,,,,,,274071817.0,180643110.0,170867113.0,220023462.0,231825957.0,239905735.0,181342933.0,190986435.0,214000000.0,272649555.0,217613726.0,198164351.0,255244737.0,250714110.0,251175856.0,202302375.5,153428895.0,104555414.5,,,,405462805.0,
405496,11990250.0,EDWARDSVILLE,11.0,115.0,2846792,2102240,,,,,,,,,,,,,,,,,274071817.0,180643110.0,170867113.0,220023461.0,231825957.0,239905736.0,181342933.0,190986435.0,214000000.0,272649555.0,217613726.0,198164351.0,255244737.0,250714110.0,251175856.0,202302375.5,153428895.0,104555414.5,,,,405462805.0,
407661,11990950.0,ST JACOB,5.0,219.0,2923950,2078681,4194500.0,5233300.0,7538300.0,6230460.0,4097500.0,6063300.0,6104300.0,5808500.0,5036300.0,5095800.0,6093000.0,6384100.0,6100000.0,6025800.0,6165300.0,6331400.0,7384900.0,7448500.0,7089600.0,7519900.0,7534000.0,7653400.0,7677000.0,7561000.0,8168300.0,8556000.0,8315000.0,8395000.0,7654000.0,7654000.0,7654000.0,12138500.0,16623000.0,4882000.0,8594000.0,8614000.0,5622000.0,3527000.0,1432000.0
407662,11990950.0,ST JACOB,4.0,188.0,2924061,2076804,6235700.0,4876100.0,3883500.0,4584900.0,4126800.0,3995900.0,3906500.0,3848200.0,3252800.0,3298400.0,3629500.0,3729500.0,3900000.0,3365800.0,3757400.0,3599200.0,3426100.0,4344100.0,4052100.0,3911100.0,3772000.0,3608000.0,3565000.0,3816700.0,712300.0,-2392100.0,,,,,,,,,,,,,
407666,11990750.0,MARYVILLE,2.0,102.0,2854752,2079301,33576000.0,30770000.0,46814800.0,35207000.0,75967333.0,65466000.0,48625660.0,64536000.0,57391000.0,61501667.0,64871666.0,63616000.0,62907666.0,69636334.0,74479500.0,74479500.0,77686333.33333333,80893166.66666666,84100000.0,83975333.0,90334333.0,90521333.0,91860333.0,96954333.0,80767250.0,80173250.0,87277500.0,79770000.0,77016750.0,78424500.0,83539000.0,86910750.0,82942125.0,78973500.0,75004875.0,,,,
407667,11990750.0,MARYVILLE,1.0,100.0,2854552,2079309,33576000.0,30770000.0,46814800.0,35207000.0,75967334.0,65466000.0,48625670.0,64536000.0,57391000.0,61501667.0,64871666.0,63616000.0,62907666.0,69636334.0,74479500.0,74479500.0,77686333.33333333,80893166.66666666,84100000.0,83975333.0,90334333.0,90521333.0,91860333.0,96954333.0,80767250.0,80173250.0,87277500.0,79770000.0,77016750.0,78424500.0,83539000.0,86910750.0,82942125.0,78973500.0,75004875.0,,,,
407668,11990750.0,MARYVILLE,3.0,101.0,2854773,2079519,33576000.0,30770000.0,46814800.0,35206000.0,75967333.0,65466000.0,48625660.0,64536000.0,57391000.0,61501667.0,64871666.0,63616000.0,62907666.0,69636334.0,74479500.0,74479500.0,161161250.0,247843000.0,84100000.0,83975334.0,90334334.0,90521334.0,91860334.0,96954334.0,80767250.0,80173250.0,87277500.0,79770000.0,77016750.0,78424500.0,83539000.0,86910750.0,82942125.0,78973500.0,75004875.0,,,,
407673,11990300.0,GLEN CARBON,6.0,106.0,2853618,2081664,114450000.0,98164800.0,124560000.0,115535000.0,64393000.0,28449750.0,35253640.0,49650720.0,45637300.0,45673400.0,52331200.0,55698101.0,58223550.0,67648016.0,60340210.0,99625500.0,138910790.0,,,,,,,,,,,,,,,,,,,,,,
407674,11990300.0,GLEN CARBON,5.0,99.0,2853823,2081823,48399000.0,56038500.0,49942800.0,75655000.0,48428000.0,56288450.0,97086230.0,108327490.0,107445600.0,96855750.0,105520200.0,112568794.0,114610750.0,124035216.0,112349110.0,99625500.0,86901890.0,,,,,,,,,,,,,,,,,,,,,,
407675,11990300.0,GLEN CARBON,4.0,114.0,2853629,2081778,25839000.0,51990000.0,109064520.0,32323000.0,9202440.0,65366500.0,95456330.0,94752790.0,94650200.0,107320250.0,115360500.0,124881005.0,127335400.0,136759866.0,127476780.0,99625500.0,71774220.0,,,,,,,,,,,,,,,,,,,,,,
407676,11991000.0,TROY,4.0,108.0,2853276,2063423,,,,,,,,,,110000000.0,111000000.0,103000000.0,110000000.0,108000000.0,103565000.0,104715000.0,129146000.0,123703000.0,118260000.0,122640000.0,228835000.0,131919800.0,170820000.0,180586700.0,141577250.0,141577250.0,141577250.0,209952000.0,143849268.0,148051200.0,132129000.0,132129000.0,145005300.0,130391520.0,137428600.0,128128100.0,159417400.0,133440886.0,107464372.0
407677,11991000.0,TROY,1.0,115.0,2854502,2063425,79824000.0,83300600.0,88241000.0,69850000.0,95000000.0,70000000.0,94000000.0,95000000.0,92000000.0,64000000.0,64000000.0,57000000.0,65000000.0,75000000.0,99599000.0,102426000.0,108758000.0,120079000.0,131400000.0,153300000.0,163337500.0,96739200.0,101178000.0,130769730.0,141577250.0,141577250.0,141577250.0,45885000.0,49762473.0,78203250.0,71025120.0,71025120.0,40876500.0,58851000.0,61079400.0,44352000.0,51425000.0,20529244.0,-10366512.0
407678,11991000.0,TROY,2.0,115.0,2854246,2063396,79824000.0,83300600.0,88241100.0,69850000.0,95000000.0,93000000.0,115000000.0,125000000.0,123000000.0,75000000.0,75000000.0,70000000.0,75000000.0,76000000.0,78492000.0,91374000.0,83451000.0,104797500.0,126144000.0,137970000.0,199728000.0,109440000.0,144540000.0,130769730.0,141577250.0,141577250.0,141577250.0,89460000.0,139721474.0,146343600.0,184473600.0,184473600.0,139180800.0,210015000.0,142518500.0,147840100.0,113134900.0,102646220.0,92157540.0
407679,11991000.0,TROY,3.0,113.0,2853599,2063435,79824000.0,83300600.0,88241100.0,139700000.0,94074000.0,118000000.0,135000000.0,142000000.0,133000000.0,80000000.0,80000000.0,95000000.0,80000000.0,86000000.0,108129000.0,107403000.0,123381000.0,127390500.0,131400000.0,130305000.0,246375000.0,112039200.0,160965000.0,180586700.0,141577250.0,141577250.0,141577250.0,100170000.0,111666784.0,107235450.0,93769200.0,93769200.0,118858500.0,90493200.0,167968300.0,172480100.0,190272400.0,112910842.0,35549284.0
407681,11994280.0,COLLINSVILLE,11.0,100.0,2851506,2052944,155304000.0,158378000.0,177188000.0,194660000.0,196750000.0,225343000.0,23655900.0,207163400.0,164545400.0,175095400.0,185645400.0,185645400.0,189950000.0,163122800.0,177105500.0,191088200.0,191094650.0,191101100.0,191107550.0,191114000.0,203445200.0,215776400.0,190144000.0,499320000.0,190000000.0,499320000.0,215704200.0,166332333.0,139819500.0,135741482.0,127785167.0,143454207.0,141586165.0,187044000.0,140428000.0,187944000.0,118939200.0,313791768.0,508644336.0
407682,11994280.0,COLLINSVILLE,1.0,102.0,2850230,2053007,,,,,,,,,,,,,,,,,,,,,,,,,,,,,,,,,,,140428000.0,,,,
407683,11994280.0,COLLINSVILLE,10.0,103.0,2851046,2052958,155304000.0,158378000.0,177188000.0,200000000.0,196750000.0,225343000.0,23655900.0,207163400.0,164545400.0,214775500.0,185645400.0,185645400.0,189950000.0,163122800.0,177105500.0,191088200.0,191094650.0,191101100.0,191107550.0,191114000.0,203445200.0,215776400.0,190144000.0,473040000.0,190000000.0,473040000.0,756080000.0,,,,,,,,,,,,
407687,11994280.0,COLLINSVILLE,9.0,98.0,2851230,2053385,155304000.0,158378000.0,177188000.0,200000000.0,196750000.0,225343000.0,236559000.0,207163400.0,164545400.0,214775500.0,185645400.0,185645400.0,189950000.0,163122800.0,177105500.0,191088200.0,191094650.0,191101100.0,191107550.0,191114000.0,203445200.0,215776400.0,190144000.0,315360000.0,190000000.0,315360000.0,215704200.0,166332333.0,139819500.0,135741482.0,127785166.0,143454207.0,141586165.0,194445720.0,140428000.0,25878840.0,34810560.0,97883148.0,160955736.0
407689,11994280.0,COLLINSVILLE,7.0,98.0,2851578,2053252,155304000.0,158378000.0,177188000.0,200000000.0,196750000.0,225343000.0,236559000.0,207163400.0,164545400.0,214775500.0,185645400.0,185645400.0,189950000.0,163122800.0,177105500.0,191088200.0,191094650.0,191101100.0,191107550.0,191114000.0,203445200.0,215776400.0,190144000.0,473040000.0,190000000.0,473040000.0,215704200.0,166332333.0,139819500.0,135741482.0,131663464.0,,,,,,,,
407690,11994280.0,COLLINSVILLE,8.0,99.0,2851303,2053234,155304000.0,158378000.0,177188000.0,200000000.0,196750000.0,225343000.0,236559000.0,207163400.0,164545400.0,214775500.0,185645400.0,185645400.0,189950000.0,163122800.0,177105500.0,191088200.0,103248000.0,132536666.66666667,161825333.33333334,191114000.0,203445200.0,215776400.0,190144000.0,420480000.0,190000000.0,420480000.0,215704200.0,166332333.0,139819500.0,135741482.0,127785167.0,143454207.0,141586165.0,37935300.0,140428000.0,32049000.0,171104880.0,119102892.0,67100904.0
407693,11990010.0,ARLINGTON HEIGHTS APARTMENTS,1.0,,2845022,2070251,,,,,,652222.0,,,,,,,,,,,,,,,,,,,,,,,,,,,,,,,,,
407694,11990010.0,ARLINGTON HEIGHTS APARTMENTS,2.0,,2845007,2070301,,,,,,326111.0,,,,,,,,,,,,,,,,,,,,,,,,,,,,,,,,,
407695,11990010.0,ARLINGTON HEIGHTS APARTMENTS,3.0,,2845009,2070373,,,,,,326111.0,,,,,,,,,,,,,,,,,,,,,,,,,,,,,,,,,
407696,11990010.0,ARLINGTON HEIGHTS APARTMENTS,4.0,,2845018,2070451,,,,,,326111.0,,,,,,,,,,,,,,,,,,,,,,,,,,,,,,,,,
407697,11990010.0,ARLINGTON HEIGHTS APARTMENTS,5.0,,2845022,2070516,,,,,,326111.0,,,,,,,,,,,,,,,,,,,,,,,,,,,,,,,,,
407698,11990010.0,ARLINGTON HEIGHTS APARTMENTS,6.0,,2845028,2070592,,,,,,326111.0,,,,,,,,,,,,,,,,,,,,,,,,,,,,,,,,,
407699,11990010.0,ARLINGTON HEIGHTS APARTMENTS,7.0,,2845043,2070666,,,,,,326111.0,,,,,,,,,,,,,,,,,,,,,,,,,,,,,,,,,
407700,11990010.0,ARLINGTON HEIGHTS APARTMENTS,8.0,,2844981,2070699,,,,,,326111.0,,,,,,,,,,,,,,,,,,,,,,,,,,,,,,,,,
407701,11990010.0,ARLINGTON HEIGHTS APARTMENTS,9.0,,2845054,2070832,,,,,,326111.0,,,,,,,,,,,,,,,,,,,,,,,,,,,,,,,,,
407703,11990010.0,ARLINGTON HEIGHTS APARTMENTS,10.0,,2844902,2070684,,,,,,326111.0,,,,,,,,,,,,,,,,,,,,,,,,,,,,,,,,,
407704,11990010.0,ARLINGTON HEIGHTS APARTMENTS,11.0,,2844959,2070839,,,,,,326111.0,,,,,,,,,,,,,,,,,,,,,,,,,,,,,,,,,
407705,11990010.0,ARLINGTON HEIGHTS APARTMENTS,12.0,,2844853,2070660,,,,,,326111.0,,,,,,,,,,,,,,,,,,,,,,,,,,,,,,,,,
407706,11990010.0,ARLINGTON HEIGHTS APARTMENTS,13.0,,2844810,2070691,,,,,,326111.0,,,,,,,,,,,,,,,,,,,,,,,,,,,,,,,,,
407707,11990010.0,ARLINGTON HEIGHTS APARTMENTS,14.0,,2844848,2070851,,,,,,326111.0,,,,,,,,,,,,,,,,,,,,,,,,,,,,,,,,,
407708,11990010.0,ARLINGTON HEIGHTS APARTMENTS,15.0,,2844710,2070673,,,,,,326111.0,,,,,,,,,,,,,,,,,,,,,,,,,,,,,,,,,
407709,11990010.0,ARLINGTON HEIGHTS APARTMENTS,16.0,,2844791,2070854,,,,,,326111.0,,,,,,,,,,,,,,,,,,,,,,,,,,,,,,,,,
407710,11990010.0,ARLINGTON HEIGHTS APARTMENTS,17.0,,2844608,2070748,,,,,,326111.0,,,,,,,,,,,,,,,,,,,,,,,,,,,,,,,,,
407711,11990010.0,ARLINGTON HEIGHTS APARTMENTS,18.0,,2844635,2070863,,,,,,326111.0,,,,,,,,,,,,,,,,,,,,,,,,,,,,,,,,,
407712,11995145.0,HOLIDAY MHP,1.0,104.0,2844680,2067866,14961691.0,16527690.0,16194330.0,16114134.0,15182965.0,15666159.0,12740000.0,13847827.333333334,14955654.666666668,16063482.0,13870000.0,11541500.0,10220000.0,8898500.0,,,,,,,,,,,,,,,,,,,,,,,,,
407715,11990700.0,MARINE,3.0,110.0,2914529,2112856,15112200.0,4006300.0,10600000.0,13972800.0,13972800.0,13638600.0,13638600.0,13359000.0,13454500.0,13550000.0,13645500.0,,,,,,,,,,,,,,,,,,,,,,,,,,,,
407716,11990700.0,MARINE,2.0,86.0,2914820,2096920,5037400.0,4006300.0,10600000.0,4657600.0,4657600.0,4546200.0,4546200.0,6679500.0,6702250.0,6725000.0,6747750.0,,,,,,,,,,,,,,,,,,,,,,,,,,,,
407717,11990700.0,MARINE,1.0,90.0,2914808,2096994,5037400.0,4006300.0,10700000.0,4657600.0,4657600.0,4546200.0,4546200.0,6679500.0,6702250.0,6725000.0,6747750.0,,,,,,,,,,,,,,,,,,,,,,,,,,,,
407720,11990500.0,HARTFORD,3.0,106.0,2830151,2115805,58058500.0,58058500.0,20000000.0,60318000.0,35334100.0,40491266.0,35301600.0,38429600.0,45376800.0,25315699.0,25000000.0,43863500.0,44028765.0,48751800.0,35166500.0,47039100.0,49302400.0,45753900.0,38307700.0,30861500.0,44639700.0,34870000.0,51756000.0,44588000.0,52024000.0,54514000.0,62923000.0,44464000.0,70482000.0,70482000.0,70482000.0,41665000.0,33230000.0,24795000.0,,,,,
407722,11990500.0,HARTFORD,2.0,111.0,2830297,2116157,3492000.0,3492000.0,19990000.0,129600.0,144000.0,40491267.0,80838534.0,,,,,,,,,,,,,,,,,,,,,,,,,,,,,,,,
407723,11990900.0,ROXANA,10.0,111.0,2840563,2106862,68180666.0,65782000.0,70956000.0,81250000.0,79000000.0,69600000.0,66712330.0,66712330.0,23000000.0,72990717.0,23000000.0,23000000.0,80000000.0,80000000.0,71000000.0,86741300.0,99000000.0,92800000.0,94400000.0,94200000.0,94000000.0,94005800.0,93996000.0,84092000.0,73750000.0,104000000.0,71968000.0,65000000.0,98174810.0,90000000.0,70000000.0,34500000.0,30522000.0,35311000.0,40100000.0,32000000.0,29500000.0,33000000.0,36500000.0
407724,11990900.0,ROXANA,9.0,109.0,2840269,2106883,68180666.0,65782000.0,70956000.0,77175000.0,77000000.0,69700000.0,66712330.0,66712330.0,99371250.0,72990717.0,99371250.0,99371250.0,80000000.0,80000000.0,66040900.0,83400000.0,97400000.0,93000000.0,95375100.0,94045050.0,92715000.0,93500000.0,96500000.0,92000000.0,80699000.0,113436000.0,74000000.0,87200000.0,93906340.0,90000000.0,71000000.0,32800000.0,31827000.0,36963500.0,42100000.0,33400000.0,30700000.0,25500000.0,20300000.0
407726,11990900.0,ROXANA,8.0,110.0,2839971,2106909,68180666.0,65782000.0,70956000.0,81250000.0,81000000.0,69600000.0,66712340.0,66712340.0,96600900.0,72990716.0,96600900.0,96600900.0,47206700.0,47206700.0,71000000.0,83000000.0,112392000.0,105862400.0,87400000.0,97200000.0,82900000.0,80000000.0,93200000.0,136000000.0,189300000.0,107000000.0,184000000.0,212600000.0,234765850.0,221000000.0,128000000.0,111900000.0,105000000.0,119500000.0,134000000.0,117000000.0,107500000.0,105200000.0,102900000.0
407727,11990250.0,EDWARDSVILLE,8.0,112.0,2846875,2102144,18841000.0,264028000.0,311485000.0,283630000.0,200614000.0,289500000.0,333000000.0,274317330.0,228796380.0,288796380.0,209884000.0,293400000.0,284000000.0,240000220.0,280240330.0,232935803.0,146171635.0,180643110.0,170867113.0,220023462.0,231825957.0,239905735.0,181342933.0,190986435.0,214000000.0,272649555.0,217613726.0,198164351.0,255244737.0,250714110.0,251175856.0,202302375.5,153428895.0,104555414.5,,,,405462805.0,
407729,11990250.0,EDWARDSVILLE,4.0,116.6,2846728,2102157,18841000.0,18860000.0,18879000.0,,,,500000.0,15675276.0,22879638.0,22879638.0,125930400.0,61230000.0,60130000.0,112000210.0,90000520.0,199659260.0,43851491.0,94474270.0,170867112.0,62640.0,-170741832.0,,,,,,,,,,,,,,,,,,
407731,11990250.0,EDWARDSVILLE,7.0,117.0,2846705,2102349,314012000.0,157160000.0,242265000.0,212722000.0,401227000.0,354700000.0,367000000.0,313505520.0,381327300.0,381327300.0,293837600.0,303900000.0,295353239.0,310000120.0,322210210.0,232935803.0,146171635.0,180643110.0,170867112.0,220023462.0,231825957.0,239905735.0,181342933.0,190986435.0,214000000.0,272649555.0,217613726.0,198164351.0,255244737.0,250714110.0,251175856.0,202302375.5,153428895.0,279445850.0,405462805.0,405462805.0,405462805.0,405462805.0,405462805.0
407732,11990250.0,EDWARDSVILLE,3.0,114.0,2846582,2102345,94204000.0,31432000.0,79218000.0,70907000.0,6687000.0,14300000.0,500000.0,7837638.0,3813273.0,3813273.0,3813273.0,,,,,,,,,,,,,,,,,,,,,,,,,,,,
407734,11990250.0,EDWARDSVILLE,5.0,111.0,2846949,2102539,182127000.0,157160000.0,69219000.0,141815000.0,60184000.0,65200000.0,36000000.0,31350552.0,41946003.0,41946003.0,41976800.0,9657000.0,10657000.0,51100110.0,31100410.0,99829630.0,65777236.0,94474270.0,170867112.0,908800.0,118800.0,72000.0,72000.0,72000.0,72000.0,72000.0,72000.0,72000.0,72000.0,72000.0,72000.0,,,,,,,,
407735,11990050.0,ALHAMBRA,1.0,104.0,2922345,2143346,4500000.0,5000000.0,5000000.0,7830000.0,7870000.0,6000000.0,7000000.0,6000000.0,5000000.0,8500000.0,6000000.0,1050000.0,5000000.0,8210000.0,3000000.0,3060000.0,3687000.0,5049500.0,6412000.0,2100000.0,1225000.0,2603000.0,1920000.0,1200000.0,520000.0,375000.0,322000.0,304000.0,301000.0,276500.0,252000.0,232000.0,16200.0,-199600.0,,,,,
407737,11990050.0,ALHAMBRA,3.0,82.0,2922613,2143483,12000000.0,8000000.0,11000000.0,7840000.0,7870000.0,10000000.0,9000000.0,10000000.0,7000000.0,8500000.0,10000000.0,11970000.0,10000000.0,17632000.0,7000000.0,6380000.0,6146000.0,6279000.0,6412000.0,7453000.0,6083000.0,7524000.0,6425000.0,7100000.0,8380000.0,8511000.0,8432000.0,8367000.0,7262000.0,7758500.0,8255000.0,7355000.0,8201000.0,5558000.0,4256000.0,6408000.0,5165000.0,3922000.0,4608000.0
407738,11990050.0,ALHAMBRA,2.0,91.5,2922493,2143432,3000000.0,7000000.0,6000000.0,7830000.0,7870000.0,8000000.0,7000000.0,9000000.0,12000000.0,8500000.0,11000000.0,12530000.0,10000000.0,2052000.0,-5896000.0,,,,,,,,,,,,,,,,,,,,,,,,
407739,11990450.0,HAMEL,2.0,113.0,2914490,2136256,7944463.0,4921875.0,6878916.0,5843000.0,5843000.0,3780000.0,3515000.0,4632800.0,4032000.0,2934700.0,2436200.0,2178000.0,2538000.0,1302200.0,2000000.0,2697800.0,,,,,,,,,,,,,,,,,,,,,,,
407740,11990450.0,HAMEL,1.0,113.0,2913931,2136277,2648156.0,2992789.0,1559499.0,1033000.0,1033000.0,1033000.0,,,,,,,,,,,,,,,,,,,,,,,,,,,,,,,,,
407741,11990450.0,HAMEL,4.0,114.0,2914122,2136274,,,,3778000.0,6614000.0,9450000.0,7908750.0,9265600.0,7394000.0,4883470.0,8526700.0,7625000.0,8884050.0,9535400.0,6969000.0,7569000.0,7503333.0,7174000.0,4786666.666666666,2399333.333333333,12000.0,50000.0,12000.0,-26000.0,,,,,,,,,,,,,,,
407742,11990450.0,HAMEL,3.0,110.0,2914663,2135768,11475336.0,11923083.0,11717655.0,8321000.0,8321000.0,5670000.0,6151000.0,7412480.0,2760000.0,4251930.0,4872400.0,4357000.0,5076000.0,6811000.0,6969000.0,6489000.0,7503333.0,7174000.0,4786666.666666666,2399333.333333333,12000.0,12000.0,12000.0,12000.0,,,,,,,,,,,,,,,
407743,11995100.0,FOREST HOMES MAPLE PARK PWD,1.0,67.0,2839266,2148759,3500000.0,6912050.0,10324100.0,,,,,,,,,,,,,,,,,,,,,,,,,,,,,,,,,,,,
407744,11995100.0,FOREST HOMES MAPLE PARK PWD,2.0,70.0,2839266,2148759,3500000.0,6912050.0,10324100.0,,,,,,,,,,,,,,,,,,,,,,,,,,,,,,,,,,,,
407746,11990200.0,EAST ALTON,21.0,92.0,2823493,2132143,79048000.0,78298773.0,78768667.0,126409000.0,156672000.0,140285975.0,108811600.0,100000000.0,195000000.0,129720000.0,170209195.0,170209195.0,43243200.0,71319375.0,66555812.0,63829050.0,52466300.0,42766500.0,51164875.0,62802429.0,75445285.0,61409143.0,77090000.0,79942143.0,74000000.0,74814500.0,75629000.0,80141571.0,53704125.0,68350375.0,77191125.0,64860125.0,58696625.0,59228000.0,54548625.0,49869250.0,,,
407748,11990200.0,EAST ALTON,20.0,97.0,2823336,2132104,79048000.0,78298774.0,78768666.0,126409000.0,156672000.0,140285975.0,108811600.0,102400000.0,54000000.0,5600000.0,,,,,,,,,,,,,,,,,,,,,,,,,,,,587681000.0,
407749,11990200.0,EAST ALTON,22.0,103.0,2823493,2132389,79048000.0,78298773.0,78768667.0,126409000.0,156672000.0,140285975.0,108811600.0,218732000.0,171000000.0,129720000.0,170209195.0,170209195.0,51105600.0,71319375.0,66555812.0,63829050.0,52466300.0,42766500.0,51164875.0,62802429.0,75445285.0,61409143.0,77090000.0,79942143.0,74000000.0,74814500.0,75629000.0,80141571.0,53704125.0,68350375.0,77191125.0,64860125.0,58696625.0,59228000.0,54548625.0,49869250.0,,,
407750,11990200.0,EAST ALTON,23.0,108.0,2823318,2132341,,,,,,96602105.0,217623200.0,235063600.0,195000000.0,194580000.0,170209195.0,170209195.0,40622400.0,71319375.0,66555812.0,63829050.0,52466300.0,42766500.0,51164875.0,62802429.0,75445286.0,61409143.0,77090000.0,79942143.0,74000000.0,74814500.0,75629000.0,80141571.0,53704125.0,68350375.0,77191125.0,64860125.0,58696625.0,59228000.0,54548625.0,49869250.0,,,
407771,11990150.0,BETHALTO,6.0,95.0,2835502,2129233,25886800.0,26010300.0,76328285.0,100000000.0,91181200.0,80332140.0,99342660.0,100582833.0,97601333.0,75745857.0,78424571.0,76729571.0,80380714.0,81513715.0,80691429.0,81244714.0,81013143.0,80244047.66666667,79474952.33333334,78705857.0,86560857.0,86727143.0,93902140.0,89167000.0,87192000.0,82572142.0,86983428.0,78508571.0,78508571.0,73510857.0,74554571.0,76830714.0,65871250.0,69176196.45,72481142.9,75786089.35000001,,,
407773,11990150.0,BETHALTO,10.0,98.0,2835655,2129208,77660400.0,78030900.0,76328285.0,100000000.0,91181200.0,80332140.0,99342660.0,100582833.0,97601333.0,75745857.0,78424571.0,76729571.0,80380714.0,81513715.0,80691429.0,81244714.0,81013143.0,80244047.66666667,79474952.33333334,78705857.0,86560857.0,86727143.0,93902140.0,89167000.0,87192000.0,82572143.0,86983429.0,78508572.0,78508572.0,73510857.0,74554572.0,76830714.0,65871250.0,69176196.45,72481142.9,75786089.35000001,,,
407774,11990150.0,BETHALTO,11.0,88.0,2835612,2129526,67305680.0,67626780.0,76328285.0,33132000.0,91181200.0,80332140.0,99342660.0,100582833.0,97601333.0,75745857.0,78424571.0,76729571.0,80380714.0,81513715.0,80691429.0,81244714.0,81013143.0,80244047.66666667,79474952.33333334,78705857.0,86560857.0,86727143.0,93902140.0,89167000.0,87192000.0,82572143.0,86983429.0,78508572.0,78508572.0,73510857.0,74554572.0,76830715.0,98806875.0,85644008.95,72481142.9,59318276.85000001,,,
407776,11990150.0,BETHALTO,9.0,94.0,2835341,2129246,155320800.0,156061800.0,76328285.0,100000000.0,91181200.0,80332140.0,99342670.0,100582833.0,97601333.0,75745857.0,78424571.0,76729571.0,80380714.0,81513715.0,80691429.0,81244714.0,81013143.0,80244047.66666667,79474952.33333334,78705857.0,86560857.0,86727143.0,93902140.0,89167000.0,87192000.0,82572143.0,86983429.0,78508571.0,78508571.0,73510857.0,74554571.0,76830714.0,65871250.0,69176196.45,72481142.9,75786089.35000001,,,
407781,11990150.0,BETHALTO,7.0,90.0,2835549,2129416,51773600.0,52020600.0,76328285.0,100000000.0,90166070.0,80332140.0,79185569.25,78038998.5,76892427.75,75745857.0,78424571.0,76729571.0,80380714.0,81513715.0,80691429.0,81244714.0,81013143.0,80244047.66666667,79474952.33333334,78705857.0,86560857.0,86727143.0,93902140.0,89167000.0,87192000.0,82572143.0,86983428.0,78508571.0,78508571.0,73510857.0,74554571.0,76830714.0,65871250.0,69176196.45,72481142.9,75786089.35000001,,,
407782,11990150.0,BETHALTO,8.0,91.0,2835358,2129445,77660400.0,78030900.0,76328285.0,100000000.0,91181200.0,80332140.0,99342660.0,100582933.0,97601333.0,75745857.0,78424571.0,76729571.0,80380714.0,81513715.0,80691429.0,81244714.0,81013143.0,80244047.66666667,79474952.33333334,78705857.0,86560857.0,86727143.0,93902140.0,89167000.0,87192000.0,82572143.0,86983428.0,78508571.0,78508571.0,73510857.0,74554571.0,76830714.0,65871250.0,69176196.45,72481142.9,75786089.35000001,,,
407783,11990150.0,BETHALTO,12.0,96.0,2835850,2129212,62128320.0,62424720.0,76328285.0,33132000.0,91181200.0,80332140.0,99342660.0,100582833.0,97601335.0,75745857.0,78424571.0,76729571.0,80380714.0,81513715.0,80691429.0,81244714.0,81013142.0,80244047.33333333,79474952.66666666,78705858.0,86560858.0,86727143.0,93902140.0,89167000.0,87192000.0,82572143.0,86983429.0,78508572.0,78508572.0,73510858.0,74554572.0,76830715.0,98806875.0,85644008.95,72481142.9,59318276.85000001,,,
407792,11991150.0,WOOD RIVER,5.0,83.0,2825939,2125033,95784200.0,92176600.0,93158600.0,96037200.0,125000000.0,125000000.0,132011000.0,125000000.0,125000000.0,125000000.0,125000000.0,125000000.0,125000000.0,125000000.0,115000000.0,115000000.0,100000000.0,108333333.33333333,116666666.66666666,125000000.0,9713075.0,-105573850.0,,,,,4998000.0,1490400.0,1080000.0,7974291.0,67667000.0,12384000.0,6048000.0,-288000.0,,,,,
407793,11991150.0,WOOD RIVER,1.0,81.0,2826239,2125030,95784200.0,92176600.0,93158600.0,96037200.0,125000000.0,125000000.0,132011000.0,125000000.0,125000000.0,125000000.0,125000000.0,125000000.0,125000000.0,125000000.0,125000000.0,125000000.0,125000000.0,125000000.0,125000000.0,125000000.0,184548425.0,300000000.0,199450000.0,208250000.0,207700000.0,198163000.0,91064000.0,17958000.0,72083400.0,63794332.0,96387000.0,160218000.0,212561880.0,204500000.0,198488000.0,201400000.0,230545000.0,210000000.0,189455000.0
407794,11991150.0,WOOD RIVER,2.0,81.0,2826369,2124941,95784200.0,92176600.0,93158600.0,96037200.0,125000000.0,125000000.0,132011000.0,125000000.0,125000000.0,125000000.0,125000000.0,125000000.0,125000000.0,125000000.0,125000000.0,125000000.0,125000000.0,125000000.0,125000000.0,125000000.0,184548425.0,100000000.0,199450000.0,208250000.0,207700000.0,198163000.0,313168000.0,370094800.0,298413600.0,257074500.0,86387000.0,175163000.0,193523280.0,275500000.0,231390000.0,258375000.0,275675000.0,175000000.0,74325000.0
407795,11991150.0,WOOD RIVER,3.0,87.0,2826664,2124894,95784200.0,92176600.0,93158600.0,96037200.0,98915800.0,,,,,,25000000.0,125000000.0,125000000.0,125000000.0,100000000.0,115000000.0,100000000.0,108333333.33333333,116666666.66666666,125000000.0,133333333.33333334,,,,,,,,,,,,,,,,,,
407796,11991150.0,WOOD RIVER,4.0,86.0,2826912,2124776,,,,,,,,,,,,,125000000.0,,,,,,,125000000.0,,,,,,,,,,,,,,,,,,,
407797,11991150.0,WOOD RIVER,6.0,86.0,2827104,2124977,95784200.0,92176600.0,93158600.0,96037200.0,124090000.0,125000000.0,132011000.0,125000000.0,125000000.0,125000000.0,125000000.0,125000000.0,125000000.0,125000000.0,100000000.0,100000000.0,106250000.0,112500000.0,118750000.0,125000000.0,9713075.0,6642050.0,3571025.0,500000.0,663333.3333333334,826666.6666666667,990000.0,1036800.0,1440000.0,7974292.0,77027000.0,28808000.0,54540000.0,32000000.0,70240000.0,40250000.0,41250000.0,59000000.0,76750000.0
407798,11990500.0,HARTFORD,4.0,106.0,2830104,2115587,70624700.0,70624700.0,20000000.0,90590400.0,90859100.0,40491267.0,100656000.0,122822210.0,65691450.0,51726700.0,55584110.0,41852500.0,48195465.0,49782100.0,70938000.0,58170000.0,71891300.0,67303300.0,66326500.0,65349700.0,67388300.0,67976000.0,43738000.0,67973000.0,51618000.0,52887000.0,60253000.0,87650000.0,68376000.0,68376000.0,68376000.0,81664000.0,18984000.0,-43696000.0,,,,,
407805,11990600.0,LIVINGSTON,6.0,143.0,2925595,2156818,20627343.0,19000000.0,21900000.0,25840000.0,21900000.0,21900000.0,24747000.0,22898000.0,23398000.0,30000000.0,24000000.0,20000000.0,20000000.0,24851000.0,24851000.0,24851000.0,,,,,,,,,,,,,,,,,,,,,,,
407808,11991200.0,WORDEN,7.0,43.0,2894800,2154067,3650000.0,8547600.0,13445200.0,,,,,,,,,,,,,,,,,,,,,,,,,,,,,,,,,,,,
407809,11991200.0,WORDEN,1.0,78.0,,,,,10133500.0,,,,,,,,,,,,,,,,,,,,,,,,,,,,,,,,,,,,
407810,11991200.0,WORDEN,8.0,46.0,2894778,2154151,17155000.0,8547600.0,10133500.0,11435200.0,12736900.0,12500000.0,10542500.0,12092500.0,12786500.0,9400000.0,7300000.0,8000000.0,8000000.0,8395000.0,12000000.0,12000000.0,11369500.0,11369500.0,11369500.0,,,,,,,,,,,,,,,,,,,,
407811,11991200.0,WORDEN,9.0,48.0,2894768,2154512,,,,21075000.0,12736900.0,12994000.0,10542500.0,12092500.0,12786500.0,19710000.0,21900000.0,22000000.0,22000000.0,14600000.0,12000000.0,12000000.0,11369500.0,11369500.0,11369500.0,,,,,,,,,,,,,,,,,,,,
407973,13395050.0,TIMBERLAKES HOMEOWNERS ASSN,1.0,65.0,2816093,1912007,1725159.0,1715500.0,2453850.0,3586575.0,2312699.0,2713660.0,2989820.0,3237460.0,2731610.0,2988535.0,2988535.0,2183720.0,1954290.0,2312640.0,1780000.0,1675150.0,2048880.0,2422610.0,,,,,,,,,,,,,,,,,,,,,
407974,13395050.0,TIMBERLAKES HOMEOWNERS ASSN,2.0,80.0,2815896,1911896,,,,,,,,,,,,,15600.0,8800.0,2000.0,5680.0,9360.0,13040.0,,,,,,,,,,,,,,,,,,,,,
407975,13390250.0,VALMEYER,3.0,87.0,2767361,1922304,12241950.0,6768950.0,13230400.0,15414300.0,18176150.0,19000000.0,23376500.0,23376500.0,20000000.0,20000000.0,20000000.0,20100000.0,11725000.0,11725000.0,11725000.0,,,,,,,,,,,,,,,,,,,,,,,,
407976,13390250.0,VALMEYER,4.0,60.0,2767301,1922362,12241950.0,6768950.0,13230400.0,15414300.0,18176150.0,19000000.0,23376500.0,23376500.0,20000000.0,20000000.0,20000000.0,20100000.0,11725000.0,11725000.0,11725000.0,,,,,,,,,,,,,,,,,,,,,,,,
407980,13390200.0,MAEYSTOWN,1.0,58.5,2780716,1891548,4113000.0,3823000.0,3700000.0,3640000.0,4867000.0,4210000.0,4210000.0,4210000.0,4103375.0,3996750.0,3996750.0,5412000.0,3000000.0,9114200.0,3360000.0,5329116.0,11961930.0,12138352.5,12314775.0,12538342.0,12473845.0,11863590.0,29636000.0,11390000.0,11390000.0,11390000.0,10465700.0,10465700.0,8191325.0,5916950.0,5916950.0,5916950.0,,,,,,,
408520,16395185.0,SPRING VALLEY MHP,1.0,,2897472,2017771,328500.0,339660.0,300000.0,250000.0,425000.0,500000.0,1110000.0,471225.0,446400.0,446400.0,446400.0,,,,,,,,,,,,,,,,,,,,,,,,,,,,
408521,16395185.0,SPRING VALLEY MHP,2.0,,2897028,2017367,328500.0,339660.0,300000.0,250000.0,425000.0,500000.0,575000.0,,,,,,,,,,,,,,,,,,,,,,,,,,,,,,,,
408522,16395185.0,SPRING VALLEY MHP,3.0,,2897028,2017367,328500.0,339680.0,300000.0,250000.0,425000.0,500000.0,575000.0,,,,,,,,,,,,,,,,,,,,,,,,,,,,,,,,
408527,16391300.0,SMITHTON,7.0,200.0,2858929,1960808,15000.0,56700.0,25600.0,31200.0,3600.0,13805.0,24010.0,101000.0,192300.0,283600.0,101000.0,550000.0,550000.0,500000.0,400000.0,226300.0,250000.0,309166.6666666667,368333.3333333334,427500.0,250000.0,439400.0,628800.0,,,,,,,,,,,,,,,,
408532,16391300.0,SMITHTON,5.0,195.0,2861380,1961645,,98300.0,232900.0,228700.0,292300.0,355900.0,,,,455570.0,300000.0,400000.0,400000.0,400000.0,300000.0,289000.0,300000.0,325000.0,350000.0,375000.0,300000.0,385800.0,471600.0,,,,,59600.0,59600.0,59600.0,59600.0,,,,,,,,
408544,16395165.0,RANGELAND PARK MHP,1.0,31.0,2897227,2037958,73000.0,349000.0,625000.0,500000.0,500000.0,800000.0,775000.0,750000.0,,,,,,,,,,,,,,,,,,,,,,,,,,,,,,,
408545,16395165.0,RANGELAND PARK MHP,2.0,54.0,2897379,2037846,18000.0,75000.0,75000.0,144000.0,144000.0,800000.0,775000.0,750000.0,,,,,,,,,,,,,,,,,,,,,,,,,,,,,,,
408547,16395145.0,PARKVIEW TERRACE MHP,1.0,30.0,2893479,2036304,1058500.0,366000.0,820000.0,810000.0,1000000.0,1000000.0,60000.0,-880000.0,,,,,,,,,,,,,,,,,,,,,,,,,,,,,,,
408548,16395145.0,PARKVIEW TERRACE MHP,2.0,,2893528,2036138,,10000.0,,,,,,,,,,,,,,,,,,,,,,,,,,,,,,,,,,,,,
408550,16395050.0,MOUND PWD,1.0,92.0,2845693,2051679,41220000.0,40058000.0,40058000.0,37200000.0,312000.0,23000.0,23000.0,312000.0,241333.3333333333,170666.66666666666,100000.0,29333.333333333343,,,,43200.0,9147300.0,18251400.0,9717208.0,1183016.0,1033358.0,883700.0,4801400.0,4801400.0,19775950.0,16891800.0,16891800.0,16891800.0,19949950.0,19949950.0,17560988.666666668,15172027.333333334,12783066.0,14512700.0,15379723.0,16246746.0,,,
408551,16395050.0,MOUND PWD,3.0,108.0,2844683,2050939,,,,,36000000.0,29953296.0,29953000.0,39000000.0,36696380.0,34392760.0,36000000.0,39943100.0,39500300.0,42332600.0,42632800.0,38635900.0,29037800.0,19439700.0,23628950.0,27818200.0,14375000.0,36128400.0,22638800.0,23862900.0,19775950.0,16891800.0,16891800.0,16891800.0,19949950.0,19949950.0,21822011.333333332,23694072.666666664,25566134.0,29269000.0,24865000.0,20461000.0,,,
408552,16391200.0,ST LIBORY,1.0,77.0,2932718,1952213,18193000.0,15899000.0,16048000.0,15285000.0,16600000.0,17259800.0,15096000.0,19225000.0,17433000.0,16313000.0,17103600.0,16167000.0,15504000.0,17516000.0,16926000.0,16325000.0,15991600.0,5475000.0,3650000.0,10337500.0,1825000.0,3650000.0,3285000.0,4861800.0,3650000.0,3650000.0,9112000.0,9112000.0,8937500.0,8937500.0,8937500.0,,,,,,,,
408553,16390550.0,FAYETTEVILLE,2.0,93.0,2916041,1951194,4057200.0,4364700.0,10000950.0,5155000.0,4891900.0,4283000.0,4283000.0,4225000.0,6100000.0,5044500.0,4844500.0,4644500.0,4444500.0,4444500.0,4444500.0,5030000.0,5178333.333333333,5326666.666666666,5475000.0,6022500.0,5110000.0,7665000.0,22000000.0,23505000.0,10060000.0,-3385000.0,,,,,,,,,,,,,
408554,16390550.0,FAYETTEVILLE,1.0,94.0,2915990,1951021,4057200.0,4364700.0,1139950.0,5155000.0,4891900.0,4283000.0,4283000.0,4225000.0,4135000.0,5044500.0,4844500.0,4644500.0,4444500.0,4444500.0,4444500.0,5030000.0,5178333.333333333,5326666.666666666,5475000.0,6022500.0,4015000.0,5840000.0,7665000.0,,,,,,,,,,,,,,,,
408555,13395100.0,MAPLE LEAF ESTATES WATER CORP,1.0,406.0,2872119,1926285,1404000.0,1186250.0,1018160.0,1186250.0,1186250.0,1241000.0,1241000.0,1404000.0,952000.0,500000.0,570000.0,233280.0,1122375.0,1545775.0,1387000.0,1332250.0,1425325.0,1518400.0,,,,,,,,,,,,,,,,,,,,,
409778,11938300.0,OLIN CORP,2.0,95.0,,,,,,20256000.0,33611000.0,42220000.0,63092000.0,66482000.0,65700000.0,65700000.0,65700000.0,65700000.0,65700000.0,65700000.0,83295000.0,83295000.0,86845000.0,86687500.0,86687500.0,86687500.0,68437500.0,68437500.0,98550000.0,77072858.0,100375000.0,105850000.0,113470000.0,112022750.0,116545000.0,112635750.0,120637500.0,110700000.0,109022500.0,97935000.0,102412500.0,72137500.0,116164127.0,120430000.0,124695873.0
409779,11938300.0,OLIN CORP,3.0,93.0,,,,,,20256000.0,33611000.0,42220000.0,63092000.0,66482000.0,65700000.0,65700000.0,65700000.0,65700000.0,65700000.0,65700000.0,83295000.0,83295000.0,86845000.0,86687500.0,86687500.0,86687500.0,68437500.0,68437500.0,98550000.0,77072858.0,100375000.0,105850000.0,113470000.0,112022750.0,116545000.0,112635750.0,120637500.0,110700000.0,109022500.0,97935000.0,102412500.0,72137500.0,116164127.0,120430000.0,124695873.0
409780,11938300.0,OLIN CORP,4.0,89.0,,,,,,20256000.0,33611000.0,42220000.0,63092000.0,66482000.0,65700000.0,65700000.0,65700000.0,65700000.0,65700000.0,65700000.0,83295000.0,83295000.0,86845000.0,86687500.0,86687500.0,86687500.0,68437500.0,68437500.0,98550000.0,77072858.0,100375000.0,105850000.0,113470000.0,112022750.0,116545000.0,112635750.0,120637500.0,110700000.0,109022500.0,97935000.0,102412500.0,72137500.0,116164127.0,120430000.0,124695873.0
409781,11938300.0,OLIN CORP,5.0,87.0,,,,6320000.0,13287500.0,20255000.0,33612000.0,42220000.0,62092000.0,66482000.0,65700000.0,65700000.0,65700000.0,65700000.0,65700000.0,65700000.0,83295000.0,83295000.0,86845000.0,86687500.0,86687500.0,86687500.0,68437500.0,68437500.0,98550000.0,77072858.0,100375000.0,105850000.0,113470000.0,112022750.0,116545000.0,112635750.0,120637500.0,110700000.0,109022500.0,97935000.0,102412500.0,72137500.0,116164127.0,120430000.0,124695873.0
409782,11938300.0,OLIN CORP,6.0,87.0,,,120322000.0,1231527000.0,16663000.0,12081500.0,7500000.0,2918500.0,,,,,,,,,,4000000.0,,,,,,,,,,,,,,,,,,,,,,,
409940,11990450.0,HAMEL,5.0,112.0,2914795,2135812,,,,,,,,1853120.0,8151000.0,10109400.0,8526700.0,7626000.0,8884050.0,9535400.0,6969000.0,7569000.0,7503333.0,7174000.0,5393000.0,3612000.0,1831000.0,50000.0,-1731000.0,,,,,,,,,,,,,,,,
409944,11990250.0,EDWARDSVILLE,9.0,112.0,2847006,2102314,,,,,,,,141077484.0,83892006.0,83892006.0,167907200.0,248700000.0,240000000.0,250000110.0,290430200.0,232935803.0,146171635.0,180643110.0,170867113.0,220023462.0,231825957.0,239905735.0,181342933.0,190986435.0,214000000.0,272649555.0,217613726.0,198164351.0,255244737.0,250714110.0,251175856.0,202302375.5,153428895.0,104555414.5,,,,405462805.0,
409964,11990200.0,EAST ALTON,24.0,90.0,2823193,2132106,,,,,,,,,53100000.0,194580000.0,170209195.0,170209195.0,49140000.0,71319375.0,66555812.0,63829050.0,52466300.0,42766500.0,51164875.0,62802429.0,75445286.0,61409143.0,77090000.0,79942143.0,74000000.0,74814500.0,75629000.0,80141571.0,53704125.0,68350375.0,77191125.0,64860125.0,58696625.0,59228000.0,54548625.0,49869250.0,,,
410040,11995110.0,HOLIDAY SHORES SANITARY DIST,1.0,94.0,,,,,,,,,,,,,,,,,,,,,,,,,,,,,,,,,,,,75111000.0,,,,,
410186,11995550.0,SIU EDWARDSVILLE,2.0,76.0,2854438,2097425,,,,,,,,,,,,,,200000.0,15000.0,-170000.0,,,,,900000.0,900000.0,900000.0,900000.0,900000.0,1100000.0,2421100.0,12811.0,12811.0,919900.0,919900.0,3026100.0,1043400.0,850000.0,430000.0,10000.0,,,
410188,11995550.0,SIU EDWARDSVILLE,3.0,103.0,2853244,2101686,,,,,,,,,,,,,,,,,,,,,,900000.0,900000.0,900000.0,,,,,,,,,,,,,,,
410235,11990200.0,EAST ALTON,25.0,98.0,2823617,2132563,,,,,,,,,,,,,74692800.0,71319375.0,66555812.0,63829050.0,52466300.0,42766500.0,51164875.0,62802428.0,75445286.0,61409143.0,77090000.0,79942143.0,74000000.0,74814500.0,75629000.0,80141572.0,53704125.0,68350375.0,77191125.0,64860125.0,58696625.0,59228000.0,54548625.0,49869250.0,,,
410236,11990200.0,EAST ALTON,26.0,91.0,2823734,2132067,,,,,,,,,,,,,85176000.0,71319375.0,66555812.0,63829050.0,52466300.0,42766500.0,51164875.0,62802428.0,75445286.0,61409143.0,77090000.0,79942143.0,74000000.0,74814500.0,75629000.0,80141572.0,53704125.0,68350375.0,77191125.0,64860125.0,58696625.0,59228000.0,54548625.0,49869250.0,,,
410238,11990200.0,EAST ALTON,27.0,100.0,2823733,2132366,,,,,,,,,,,,,78624000.0,71319375.0,66555812.0,63829050.0,52466300.0,42766500.0,51164875.0,62802428.0,75445286.0,61409143.0,77090000.0,79942143.0,73535000.0,74582000.0,75629000.0,80141572.0,53704125.0,68350375.0,77191125.0,64860125.0,58696625.0,59228000.0,54548625.0,49869250.0,,,
410239,11990200.0,EAST ALTON,28.0,96.0,2823859,2132565,,,,,,,,,,,,,76003200.0,71319375.0,66555812.0,63829050.0,52466300.0,42766500.0,51164875.0,52416000.0,129600000.0,128772000.0,125568000.0,120348000.0,82283000.0,41780062.5,1277125.0,1343875.0,53704125.0,68350375.0,1297125.0,64860125.0,58696625.0,59228000.0,54548625.0,49869250.0,,,
410313,16390350.0,DUPO,1.0,110.0,2794406,2005866,,,,,,,,,,,,,89424000.0,90491625.0,91559250.0,92626875.0,93694500.0,75000000.0,89112000.0,67789500.0,49105500.0,49645000.0,48293000.0,52856500.0,56003000.0,59000000.0,60000000.0,55248000.0,61000000.0,54841500.0,55876500.0,57971000.0,62011000.0,66051000.0,,,,66997500.0,
410314,16390350.0,DUPO,2.0,110.0,2794201,2005729,,,,,,,,,,,,,89424000.0,90491625.0,91559250.0,92626875.0,93694500.0,75000000.0,89112000.0,67789500.0,49105500.0,49645000.0,48293000.0,52856500.0,56003000.0,59000000.0,60000000.0,55248000.0,61000000.0,54841500.0,55876500.0,57971000.0,62011000.0,66051000.0,,,,66997500.0,
411077,11995550.0,SIU EDWARDSVILLE,5.0,76.0,,,,,,,,,,,,,,,,,,,,,,,,1248000.0,1248000.0,1248000.0,1248000.0,980000.0,1555900.0,11972.0,11972.0,1131300.0,1131300.0,1745500.0,625700.0,425000.0,224300.0,,,,
411108,11995550.0,SIU EDWARDSVILLE,4.0,69.0,,,,,,,,,,,,,,,,,,,,,,,1248000.0,,,,,,,,,,,,,,,,,,
411231,11938810.0,WOOD RIVER REFINERY,82.0,120.0,,,,,,,,,,,,,,,,,,,,,,,,,192423906.0,192423906.0,262800000.0,262800000.0,262800000.0,209850000.0,156900000.0,78840000.0,780000.0,,,,,,,,
411232,11938810.0,WOOD RIVER REFINERY,83.0,120.0,,,,,,,,,,,,,,,,,,,,,,,,,88909010.0,88909010.0,262800000.0,262800000.0,262800000.0,262800000.0,,,,,,,,,,,
411233,11938810.0,WOOD RIVER REFINERY,84.0,113.0,,,,,,,,,,,,,,,,,,,,,,,,,407564000.0,407564000.0,578160000.0,578160000.0,578160000.0,420480000.0,262800000.0,262800000.0,252288000.0,218083569.0,183879138.0,176682268.0,151541392.0,78516130.0,143022016.0,227917233.0,312812450.0
411234,11938810.0,WOOD RIVER REFINERY,85.0,100.0,,,,,,,,,,,,,,,,,,,,,,,,,407564000.0,407564000.0,341640000.0,341640000.0,341640000.0,271560000.0,201480000.0,131400000.0,252288000.0,161500707.5,70713415.0,136173142.0,128807965.0,100181894.0,124445959.0,153960416.0,183474873.0
411236,11994280.0,COLLINSVILLE,12.0,98.0,2851646,2053389,,,,,,,,,,,,,,,,,,,,,,,190144000.0,630720000.0,190000000.0,630720000.0,215704200.0,166332333.0,139819500.0,135741483.0,127785167.0,143454207.0,141586165.0,434397000.0,140428000.0,50812800.0,119784000.0,128703498.0,137622996.0
411327,,LONG LAKE FARMS,1.0,80.0,2771031,1888295,,,,,,,,,,,,,,,,,,,,,,19191316.0,19191316.0,19191316.0,19191316.0,,,,,,,,,,,,,,
411328,,LONG LAKE FARMS,2.0,80.0,2773001,1890957,,,,,,,,,,,,,,,,,,,,,,19191316.0,19191916.0,19191316.0,15353053.0,28880000.0,22423460.0,11920520.0,28648039.0,12000000.0,-4648039.0,,,,,,,,
411399,11970010.0,BEELMAN RIVER TERMINALS INC.,1.0,80.0,,,,,,,,,,,,,,,,,,,,,,,,,780000.0,1937300.0,8913622.0,10579459.0,5849850.0,11119165.0,2648450.0,2016300.0,4994808.0,36117385.0,67239962.0,,,,,,
411452,11995110.0,HOLIDAY SHORES SANITARY DIST,2.0,122.0,2876093,2147783,,,,,,,,,56472200.0,52918300.0,49364400.0,,,,,,,,,,,,,,,,,,,,,,,,,,,,
411520,11990750.0,MARYVILLE,4.0,103.0,2854968,2079305,,,,,,,,,,,,,,,,,,,,,,,,,80767250.0,80173250.0,87277500.0,79770000.0,77016750.0,78424500.0,83539000.0,86910750.0,309185000.0,78973500.0,305652000.0,312180000.0,318708000.0,,
411691,11938170.0,SMURFIT STONE CONTAINER ENTERPRISES,19.0,,,,,1500000.0,1500000.0,1500000.0,1440000.0,1440000.0,4000000.0,4320000.0,4640000.0,,,,,,,,,,,,,,,,,,,,,,,,,,,,,,
411775,11938490.0,U.S. STEEL - GRANITE CITY WORKS,6.0,118.0,,,,,,,,,,,,,,,,,,,,,,,,,,,,34773000.0,35000000.0,175000000.0,9667000.0,348482000.0,291887317.0,264298000.0,362138000.0,347050028.0,66520000.0,3900000.0,-58720000.0,,
411861,13370010.0,LONG LAKE FARMS,3.0,80.0,,,,,,,,,,,,,,,,,,,,,,,,,,19191316.0,19344846.0,43200000.0,20058651.0,34020480.0,47950995.0,34000000.0,38400000.0,38400000.0,38400000.0,,,,,,
412004,13390200.0,MAEYSTOWN,3.0,60.5,2780536,1891478,,,,,,,,,,,,,,,,,,,,,,,,,,,,,,5916950.0,5916950.0,5916950.0,,,,,,,
412167,11938560.0,PREMCOR REFINING GROUP,9.0,78.7,,,,,,,,,,,,,,,,,,,,,,,,,,,5620000.0,84140000.0,89991000.0,102790000.0,110034000.0,86185000.0,57561000.0,85124000.0,7194000.0,-70736000.0,,,,,
420669,11970010.0,BEELMAN RIVER TERMINALS INC.,2.0,80.0,,,,,,,,,,,,,,,,,,,,,,,,,,,,,5849850.0,7731106.0,6023258.0,4315410.0,96660.0,31937412.0,63778164.0,,,,,,
421211,13370001.0,JOHN RIECHMANN,1.0,77.0,2764539,1933085,,,,,,,,,,,,,,,,,,,,,,,,,,,,,,,,,,,6808949.0,11108151.0,15392421.0,15984563.0,16576705.0
424823,13370012.0,VIRGIL GUMMERSHEIMER,1.0,94.0,2762548,1933764,,,,,,,,,,,,,,,,,,,,,,,,,,,,,,,,,,,4575000.0,7117500.0,9660000.0,7560000.0,5460000.0
426730,11994280.0,COLLINSVILLE,13.0,107.0,2851067,2052971,,,,,,,,,,,,,,,,,,,,,,,,,,,,166332333.0,,,,,,,,,,,
432243,11991150.0,WOOD RIVER,7.0,114.0,2827155,2125490,,,,,,,,,,,,,,,,,,,,,,,,,,,,,,,58500000.0,20475000.0,5964000.0,10398000.0,7883000.0,14810000.0,11654000.0,27000000.0,42346000.0
434309,13370011.0,CARLYLE MUELLER,1.0,92.0,2780526,1965488,,,,,,,,,,,,,,,,,,,,,,,,,,,,,,,,,,,3000000.0,,,,
437027,11970015.0,GATEWAY NATIONAL GOLF LINKS,2.0,85.0,2816221,2054200,,,,,,,,,,,,,,,,,25000000.0,25000000.0,25000000.0,25000000.0,25000000.0,25000000.0,25000000.0,25000000.0,25000000.0,25000000.0,25000000.0,25000000.0,18000000.0,16000000.0,15000000.0,14000000.0,,,,,,,
442583,11994280.0,COLLINSVILLE,14.0,98.0,2851482,2052602,,,,,,,,,,,,,,,,,,,,,,,,,,,,,139819500.0,135741483.0,127785166.0,143454206.0,141586170.0,90001320.0,140428000.0,78555960.0,112624920.0,200427500.0,288230080.0
444579,13370001.0,JOHN RIECHMANN,2.0,100.0,,,,,,,,,,,,,,,,,,,,,,,,,,,,,,,,,,,,,6189657.0,16600596.0,20970660.0,19466550.0,17962440.0
446044,11990250.0,EDWARDSVILLE,14.0,105.0,,,,,,,,,,,,,,,,,,,,,,,,,,,,,,,,,,,354254560.0,354254560.0,354254560.0,354254560.0,354254560.0,354254560.0,354254560.0
446045,11990250.0,EDWARDSVILLE,15.0,105.0,,,,,,,,,,,,,,,,,,,,,,,,,,,,,,,,,,,354254560.0,354254560.0,354254560.0,354254560.0,354254560.0,354254560.0,354254560.0
447679,11990900.0,ROXANA,11.0,112.0,,,,,,,,,,,,,,,,,,,,,,,,,,,,,,,,,111000000.0,171500000.0,201123000.0,186311500.0,171500000.0,158600000.0,157100000.0,152000000.0,146900000.0
447974,11994280.0,COLLINSVILLE,15.0,104.0,,,,,,,,,,,,,,,,,,,,,,,,,,,,,,,,,127785167.0,143454206.0,141586170.0,46012560.0,87603780.0,129195000.0,259857720.0,332209908.0,404562096.0
458015,11938810.0,WOOD RIVER REFINERY,86.0,108.0,,,,,,,,,,,,,,,,,,,,,,,,,,,,,,,,,,207775385.0,121292308.0,231634307.0,277200560.0,281720562.0,267504310.0,216977206.0,166450102.0
459083,11938810.0,WOOD RIVER REFINERY,205.0,112.0,,,,,,,,,,,,,,,,,,,,,,,,,,,,,,,,,69393600.0,281054215.0,298176923.0,333637382.0,303215831.0,421877713.0,392413535.0,313967617.0,235521699.0
459084,11938810.0,WOOD RIVER REFINERY,206.0,112.0,,,,,,,,,,,,,,,,,,,,,,,,,,,,,,,,,79632000.0,627177600.0,577351385.0,568993985.0,419543917.0,464065484.0,459632520.0,192566805.0,-74498910.0
459604,11938810.0,WOOD RIVER REFINERY,201.0,113.0,,,,,,,,,,,,,,,,,,,,,,,,,,,,,,,157680000.0,157559487.0,181332000.0,273160384.5,364988769.0,308899836.0,160934563.0,12969290.0,,,
459605,11938810.0,WOOD RIVER REFINERY,202.0,100.0,,,,,,,,,,,,,,,,,,,,,,,,,,,,,,,157680000.0,157559487.0,181332000.0,158994000.0,136656000.0,112530985.0,149022354.0,148594706.0,143975799.0,139356892.0,
459606,11938810.0,WOOD RIVER REFINERY,203.0,,,,,,,,,,,,,,,,,,,,,,,,,,,,,,,,522288720.0,735840000.0,777888000.0,493836480.0,483016292.0,541122408.0,482324717.0,480940593.0,465991072.0,159616485.0,-146758102.0
459607,11938810.0,WOOD RIVER REFINERY,204.0,,,,,,,,,,,,,,,,,,,,,,,,,,,,,,,,522446400.0,735840000.0,777888000.0,593406498.0,591785169.0,532683852.0,465844535.0,473440545.0,449549672.0,281249865.0,112950058.0
459610,11938810.0,WOOD RIVER REFINERY,207.0,,,,,,,,,,,,,,,,,,,,,,,,,,,,,,,,57500640.0,52560000.0,3977158.0,4278000.0,175818000.0,36512983.0,18193846.0,18193846.0,45484615.0,3696000.0,-38092615.0
459611,11938810.0,WOOD RIVER REFINERY,208.0,,,,,,,,,,,,,,,,,,,,,,,,,,,,,,,,230002560.0,229163280.0,202835076.0,54785000.0,1005572000.0,304274858.0,303230769.0,315360000.0,315360000.0,79152448.0,-157055104.0
459612,11938810.0,WOOD RIVER REFINERY,209.0,,,,,,,,,,,,,,,,,,,,,,,,,,,,,,,,,,83520325.0,230634000.0,470370000.0,456412288.0,473040000.0,454846154.0,427555385.0,114880552.0,-197794281.0
464421,13370001.0,JOHN RIECHMANN,3.0,85.0,2764566,1937007,,,,,,,,,,,,,,,,,,,,,,,,,,,,,,,,,,,3606606.0,7405434.0,6883882.0,7182532.0,7481182.0
464810,11938560.0,PREMCOR REFINING GROUP,10.0,42.2,,,,,,,,,,,,,,,,,,,,,,,,,,,,,,,,,2991897.0,2669582.0,2507295.0,2633898.0,2760501.0,,,,
464811,11938560.0,PREMCOR REFINING GROUP,11.0,45.2,,,,,,,,,,,,,,,,,,,,,,,,,,,,,,,,,2991897.0,5620976.0,4803258.0,3702878.0,2602498.0,,,,
464812,11938560.0,PREMCOR REFINING GROUP,12.0,46.2,,,,,,,,,,,,,,,,,,,,,,,,,,,,,,,,,2991897.0,4352742.0,4980343.0,4220997.0,3461651.0,,,,
464813,11938560.0,PREMCOR REFINING GROUP,13.0,46.2,,,,,,,,,,,,,,,,,,,,,,,,,,,,,,,,,2991897.0,5969557.0,4995892.0,2372046.0,-251800.0,,,,
464814,11938560.0,PREMCOR REFINING GROUP,14.0,46.1,,,,,,,,,,,,,,,,,,,,,,,,,,,,,,,,,2991897.0,3353394.0,3086217.0,1414096.0,-258025.0,,,,
465025,11938560.0,PREMCOR REFINING GROUP,15.0,41.6,,,,,,,,,,,,,,,,,,,,,,,,,,,,,,,,,2991897.0,5252700.0,2951319.0,2335224.0,1719129.0,,,,
465028,11938560.0,PREMCOR REFINING GROUP,16.0,45.7,,,,,,,,,,,,,,,,,,,,,,,,,,,,,,,,,2991897.0,3787794.0,2817125.0,2070518.0,1323911.0,,,,
465034,11938560.0,PREMCOR REFINING GROUP,17.0,40.7,,,,,,,,,,,,,,,,,,,,,,,,,,,,,,,,,2991897.0,3171394.0,2571600.0,2662946.0,2754292.0,,,,
465037,11938560.0,PREMCOR REFINING GROUP,18.0,41.1,,,,,,,,,,,,,,,,,,,,,,,,,,,,,,,,,2991897.0,2622514.0,2901558.0,1871107.0,840656.0,,,,
465066,11938560.0,PREMCOR REFINING GROUP,19.0,41.1,2832718,2117546,,,,,,,,,,,,,,,,,,,,,,,,,,,,,,,2991897.0,3118222.0,3023483.0,2764143.0,2504803.0,,,,
465068,11938560.0,PREMCOR REFINING GROUP,20.0,41.1,,,,,,,,,,,,,,,,,,,,,,,,,,,,,,,,,2991897.0,2145734.0,2604682.0,2139524.0,1674366.0,,,,
465072,11938560.0,PREMCOR REFINING GROUP,21.0,40.1,,,,,,,,,,,,,,,,,,,,,,,,,,,,,,,,,2991897.0,1283158.0,5189820.0,2806311.0,422802.0,,,,
465077,11938560.0,PREMCOR REFINING GROUP,22.0,40.0,,,,,,,,,,,,,,,,,,,,,,,,,,,,,,,,,2991898.0,532876.0,241744.0,1328416.0,2415088.0,,,,
465081,11938560.0,PREMCOR REFINING GROUP,23.0,40.0,,,,,,,,,,,,,,,,,,,,,,,,,,,,,,,,,2991898.0,1568287.0,1786110.0,1683806.0,1581502.0,,,,
466530,11938810.0,WOOD RIVER REFINERY,87.0,103.0,,,,,,,,,,,,,,,,,,,,,,,,,,,,,,,,,,104196976.0,130348800.0,123535592.0,163595518.0,150075965.0,142249906.0,87910933.0,33571960.0
466531,11938810.0,WOOD RIVER REFINERY,88.0,104.0,,,,,,,,,,,,,,,,,,,,,,,,,,,,,,,,,,125577415.0,220650923.0,185404813.0,190515514.0,214220128.0,207561326.0,118144851.0,28728376.0
486823,13370009.0,ROGER SCHAEFER,1.0,80.0,2773182,1966971,,,,,,,,,,,,,,,,,,,,,,,,,,,,,,,,,,,,23160000.0,28680000.0,26760000.0,24840000.0
492850,11938560.0,PREMCOR REFINING GROUP,24.0,,,,,,,,,,,,,,,,,,,,,,,,,,,,,,,,,,,,10474900.0,16940000.0,9460412.0,1980824.0,2015284.0,2049744.0,2084204.0
492851,11938560.0,PREMCOR REFINING GROUP,25.0,,,,,,,,,,,,,,,,,,,,,,,,,,,,,,,,,,,,464211787.0,444296463.0,230123781.5,15951100.0,22242466.666666668,28533833.333333336,34825200.0
496673,11938810.0,PHILLIPS 66 [WOOD RIVER REFINERY],90.0,111.0,,,,,,,,,,,,,,,,,,,,,,,,,,,,,,,,,,,,,,,,70886911.0,
496674,11938810.0,PHILLIPS 66 [WOOD RIVER REFINERY],91.0,107.0,,,,,,,,,,,,,,,,,,,,,,,,,,,,,,,,,,,,,,,,75612705.0,
498073,11990750.0,MARYVILLE,5.0,101.0,,,,,,,,,,,,,,,,,,,,,,,,,,,,,,,,,,,,,,,,337805000.0,
498328,16330000.0,CHRIST BROS ASPHALT,1.0,42.0,,,,,,,,,,,,,,,,,,,,,,,,,,,,,,,,,,,,,,,,70000.0,
